PLAYER,ROUND,COURSE,HOLE_1,HOLE_2,HOLE_3,HOLE_4,HOLE_5,HOLE_6,HOLE_7,HOLE_8,HOLE_9,OUT,HOLE_10,HOLE_11,HOLE_12,HOLE_13,HOLE_14,HOLE_15,HOLE_16,HOLE_17,HOLE_18,IN,TOTAL,POS
Garrett Risner,1,Lake,4,4,3,4,4,4,5,2,5,35,5,4,4,3,3,3,5,5,4,36,71.0,
Garrett Risner,2,Ocean,4,4,4,4,3,4,3,3,4,33,3,4,3,4,4,4,4,4,5,35,68.0,
Eric Lee,1,Ocean,4,3,5,5,3,3,3,3,4,33,3,5,4,4,4,4,5,2,4,35,68.0,
Eric Lee,2,Lake,4,5,3,4,5,4,3,4,4,36,4,5,4,3,3,3,5,4,4,35,71.0,
Jackson Koivun,1,Ocean,4,4,4,4,3,3,4,4,4,34,2,5,4,3,5,4,4,3,4,34,68.0,
Jackson Koivun,2,Lake,5,4,3,4,5,4,3,3,4,35,4,4,5,3,3,3,5,4,5,36,71.0,
Charlie Forster,1,Ocean,4,3,4,5,2,3,4,3,3,31,3,4,4,3,4,4,4,3,6,35,66.0,
Charlie Forster,2,Lake,4,4,4,7,5,4,3,3,3,37,4,5,4,5,4,1,4,5,4,36,73.0,
William Sides,1,Ocean,4,3,5,5,2,3,4,4,4,34,3,5,4,4,5,3,5,3,5,37,71.0,
William Sides,2,Lake,4,4,4,4,4,3,3,4,5,35,3,4,4,2,4,3,5,4,4,33,68.0,
Andrew Bailey,1,Ocean,5,3,4,4,3,6,5,4,4,38,3,5,3,4,4,4,4,3,4,34,72.0,
Andrew Bailey,2,Lake,4,4,3,4,3,4,4,2,3,31,4,4,5,2,4,3,5,5,5,37,68.0,
Arni Sveinsson,1,Ocean,4,4,3,4,3,4,4,4,4,34,3,5,4,3,4,4,4,3,4,34,68.0,
Arni Sveinsson,2,Lake,5,4,4,4,3,4,4,3,4,35,4,6,4,3,4,3,5,4,4,37,72.0,
Christiaan Maas,1,Lake,4,4,3,4,5,4,5,2,3,34,4,4,4,3,4,3,5,4,4,35,69.0,
Christiaan Maas,2,Ocean,4,4,5,5,2,4,3,4,4,35,3,5,4,4,5,4,4,3,4,36,71.0,
Mahanth Chirravuri,1,Ocean,5,2,3,4,4,4,4,4,4,34,4,7,6,3,3,4,4,4,4,39,73.0,
Mahanth Chirravuri,2,Lake,4,4,3,4,5,4,4,2,4,34,4,4,4,3,3,3,4,4,4,33,67.0,
Frankie Harris,1,Lake,4,4,3,4,5,4,5,3,4,36,3,6,4,3,4,3,5,3,5,36,72.0,
Frankie Harris,2,Ocean,7,2,3,4,3,3,4,3,4,33,3,5,3,4,4,4,4,3,5,35,68.0,
Luke Poulter,1,Ocean,4,4,4,4,3,4,3,5,4,35,4,5,4,4,5,3,4,3,3,35,70.0,
Luke Poulter,2,Lake,4,5,3,3,4,4,3,4,4,34,4,4,4,3,6,3,4,4,4,36,70.0,
Davis Johnson,1,Lake,5,4,3,4,3,4,4,4,4,35,3,4,4,3,4,3,4,5,3,33,68.0,
Davis Johnson,2,Ocean,7,3,4,4,3,4,4,4,4,37,3,5,3,5,4,4,4,3,4,35,72.0,
Billy Davis,1,Ocean,4,3,4,5,3,4,4,4,4,35,3,4,5,4,4,3,4,3,4,34,69.0,
Billy Davis,2,Lake,5,5,4,5,4,4,4,3,3,37,4,3,4,3,4,4,4,4,5,35,72.0,
John Daly II,1,Lake,5,4,4,3,3,5,4,4,4,36,5,4,4,5,3,3,5,4,5,38,74.0,
John Daly II,2,Ocean,4,4,4,4,3,3,4,4,4,34,3,4,4,3,4,5,4,3,3,33,67.0,
Clark Van Gaalen,1,Ocean,5,3,4,4,3,4,8,4,4,39,2,4,4,3,4,5,4,3,3,32,71.0,
Clark Van Gaalen,2,Lake,4,5,3,4,6,4,4,3,3,36,4,4,3,3,3,2,5,5,5,34,70.0,
Parker Claxton,1,Lake,5,4,3,4,5,5,3,4,3,36,4,4,5,3,4,2,6,4,4,36,72.0,
Parker Claxton,2,Ocean,5,3,4,5,4,3,4,4,3,35,3,4,4,4,4,4,5,2,4,34,69.0,
David Liechty,1,Lake,6,5,3,4,4,4,4,3,4,37,3,5,5,3,3,3,5,4,4,35,72.0,
David Liechty,2,Ocean,5,4,4,4,2,3,4,6,4,36,3,5,4,3,4,4,4,2,4,33,69.0,
Chase Nevins,1,Lake,4,4,3,4,5,4,5,3,3,35,5,4,5,3,4,3,5,4,3,36,71.0,
Chase Nevins,2,Ocean,4,4,3,5,3,4,4,4,4,35,4,5,4,3,4,3,4,3,5,35,70.0,
Tom Fischer,1,Ocean,3,3,4,4,3,4,5,5,4,35,3,5,4,4,4,5,4,3,4,36,71.0,
Tom Fischer,2,Lake,4,4,3,4,4,4,3,2,5,33,4,5,4,3,4,3,5,5,4,37,70.0,
Nate Gahman,1,Ocean,5,2,5,5,3,5,4,4,4,37,3,4,4,5,4,3,4,3,4,34,71.0,
Nate Gahman,2,Lake,4,4,3,4,3,3,4,4,3,32,4,4,5,4,4,3,5,4,5,38,70.0,
Tyler Weaver,1,Lake,5,5,2,5,4,4,3,3,4,35,4,4,4,3,4,3,5,4,5,36,71.0,
Tyler Weaver,2,Ocean,5,3,4,3,3,4,4,4,5,35,3,5,4,4,4,5,3,3,4,35,70.0,
Pongsapak Laopakdee,1,Ocean,3,3,4,5,3,4,4,3,4,33,4,5,4,4,4,4,4,4,4,37,70.0,
Pongsapak Laopakdee,2,Lake,4,4,3,4,5,3,4,3,4,34,4,4,4,3,4,3,5,6,4,37,71.0,
Josh Duangmanee,1,Lake,5,4,3,4,5,5,3,3,4,36,5,4,4,3,3,3,5,5,5,37,73.0,
Josh Duangmanee,2,Ocean,4,5,4,4,3,4,3,4,4,35,4,5,4,4,3,4,4,2,4,34,69.0,
Wolfgang Glawe,1,Lake,4,4,3,5,5,4,4,3,4,36,4,4,4,3,4,3,5,5,4,36,72.0,
Wolfgang Glawe,2,Ocean,5,4,3,5,3,4,4,4,4,36,3,4,5,4,4,4,4,3,3,34,70.0,
William Jennings,1,Ocean,4,3,4,4,3,3,4,3,4,32,3,6,4,5,5,4,5,2,4,38,70.0,
William Jennings,2,Lake,5,4,4,5,5,4,4,4,3,38,4,4,4,2,3,3,5,4,5,34,72.0,
Cameron Tankersley,1,Lake,5,4,4,4,3,3,5,3,4,35,4,4,5,3,3,3,4,5,3,34,69.0,
Cameron Tankersley,2,Ocean,5,3,5,5,2,6,4,4,4,38,3,5,4,3,4,5,4,3,4,35,73.0,
Kolton Crawford,1,Lake,4,3,4,3,5,4,4,5,5,37,3,4,5,3,3,3,6,4,4,35,72.0,
Kolton Crawford,2,Ocean,4,4,5,5,3,3,4,3,3,34,3,4,4,4,5,5,4,3,4,36,70.0,
Ben James,1,Ocean,5,3,3,5,3,4,4,3,5,35,3,5,4,4,4,4,5,3,5,37,72.0,
Ben James,2,Lake,5,4,3,4,4,5,4,2,4,35,4,4,5,3,3,3,7,3,3,35,70.0,
Cooper Claycomb,1,Ocean,4,4,4,4,3,4,4,4,4,35,3,6,4,4,4,4,4,3,5,37,72.0,
Cooper Claycomb,2,Lake,4,4,2,5,5,4,3,5,4,36,4,3,4,3,4,2,5,5,4,34,70.0,
Luke Colton,1,Lake,4,4,3,5,5,3,4,3,4,35,4,4,4,3,4,3,5,5,3,35,70.0,
Luke Colton,2,Ocean,4,3,5,4,2,6,3,4,5,36,3,5,5,4,4,4,4,3,4,36,72.0,
Ryan Voois,1,Ocean,4,4,3,4,3,4,4,3,4,33,3,5,4,5,4,5,4,3,5,38,71.0,
Ryan Voois,2,Lake,4,4,4,6,5,4,3,4,4,38,4,3,4,2,4,2,4,6,5,34,72.0,
Emil Riegger,1,Lake,5,4,3,5,5,5,3,4,4,38,5,4,4,3,3,3,4,3,5,34,72.0,
Emil Riegger,2,Ocean,5,3,4,5,4,4,4,4,4,37,3,5,4,3,4,4,4,3,4,34,71.0,
Zachary Miller,1,Ocean,4,3,4,5,3,4,4,4,4,35,3,4,4,5,4,4,4,3,4,35,70.0,
Zachary Miller,2,Lake,5,5,4,5,3,5,4,3,4,38,3,4,4,3,3,3,6,5,4,35,73.0,
Payne Denman,1,Lake,6,4,4,4,4,4,5,3,3,37,4,3,4,3,4,2,5,5,4,34,71.0,
Payne Denman,2,Ocean,4,3,3,4,3,4,4,5,6,36,3,6,4,4,4,4,4,3,4,36,72.0,
Marek Fleming,1,Lake,5,4,4,5,5,3,4,4,4,38,4,5,4,3,4,3,5,5,4,37,75.0,
Marek Fleming,2,Ocean,5,3,5,4,2,5,4,4,4,36,3,4,4,3,4,4,4,3,3,32,68.0,
Caleb Bond,1,Ocean,4,3,4,5,4,5,4,4,4,37,3,5,5,5,4,4,4,3,5,38,75.0,
Caleb Bond,2,Lake,4,3,4,4,4,4,4,2,4,33,4,4,4,3,4,3,4,4,5,35,68.0,
Filip Jakubcik,1,Ocean,5,4,4,4,2,4,5,4,4,36,3,5,5,3,5,4,4,4,5,38,74.0,
Filip Jakubcik,2,Lake,3,4,4,5,4,4,3,3,4,34,5,3,4,3,4,4,5,4,3,35,69.0,
Mason Howell,1,Lake,5,4,3,4,5,4,4,4,4,37,4,4,4,3,4,2,4,5,3,33,70.0,
Mason Howell,2,Ocean,5,3,4,5,3,5,4,4,3,36,3,5,4,5,5,4,4,3,4,37,73.0,
Joshua Bai,1,Lake,5,4,4,5,4,5,4,4,4,39,4,4,5,3,4,3,5,5,4,37,76.0,
Joshua Bai,2,Ocean,4,3,3,5,2,4,4,4,4,33,3,4,4,5,4,3,3,3,5,34,67.0,
Pennson Badgett,1,Ocean,4,3,4,5,3,3,4,3,4,33,3,5,4,4,4,5,5,3,5,38,71.0,
Pennson Badgett,2,Lake,4,5,4,4,3,6,3,4,5,38,4,4,5,3,4,3,4,4,3,34,72.0,
Jacob Modleski,1,Ocean,4,3,3,4,3,3,5,5,3,33,4,5,4,4,5,5,4,3,4,38,71.0,
Jacob Modleski,2,Lake,4,4,3,4,4,4,3,4,5,35,5,4,4,4,4,3,5,4,4,37,72.0,
Paul Chang,1,Lake,5,5,3,4,5,4,4,4,4,38,5,5,5,3,3,3,5,5,5,39,77.0,
Paul Chang,2,Ocean,5,3,3,4,3,4,4,3,3,32,3,5,4,4,4,4,3,3,4,34,66.0,
Bowen Mauss,1,Lake,5,5,4,4,5,4,5,3,4,39,4,4,5,4,4,3,4,5,4,37,76.0,
Bowen Mauss,2,Ocean,4,3,4,5,4,5,4,3,3,35,2,5,3,4,3,4,4,3,4,32,67.0,
Ryan Downes,1,Lake,5,4,2,5,5,4,4,3,3,35,4,4,4,3,3,3,4,4,4,33,68.0,
Ryan Downes,2,Ocean,4,3,4,5,3,5,4,4,4,36,3,5,4,5,4,4,4,4,6,39,75.0,
Tim Wiedemeyer,1,Lake,4,4,4,5,5,5,4,3,3,37,4,4,4,2,4,2,5,4,4,33,70.0,
Tim Wiedemeyer,2,Ocean,5,4,5,5,3,4,4,3,4,37,3,5,5,5,4,3,4,3,4,36,73.0,
Brady Siravo,1,Ocean,5,4,4,5,3,4,3,3,4,35,3,4,5,4,3,4,5,3,5,36,71.0,
Brady Siravo,2,Lake,5,4,5,3,4,4,4,3,4,36,5,4,4,3,4,2,6,4,4,36,72.0,
Niall Shiels Donegan,1,Lake,4,4,3,4,5,5,5,4,4,38,4,3,4,3,4,3,5,5,4,35,73.0,
Niall Shiels Donegan,2,Ocean,5,3,4,5,3,4,4,4,3,35,3,5,3,5,4,4,3,4,4,35,70.0,
Jimmy Abdo,1,Lake,5,4,4,4,4,5,2,3,4,35,5,4,4,3,3,3,5,6,4,37,72.0,
Jimmy Abdo,2,Ocean,5,4,4,4,2,4,4,4,3,34,5,5,5,5,3,4,3,3,4,37,71.0,
Travis Woolf,1,Ocean,5,4,3,4,4,5,4,3,4,36,2,5,4,3,4,4,4,3,5,34,70.0,
Travis Woolf,2,Lake,4,4,4,5,4,5,4,3,3,36,5,3,4,3,4,3,7,4,4,37,73.0,
Jack Bigham,1,Ocean,4,4,4,4,3,5,4,3,3,34,3,6,4,3,4,4,4,3,4,35,69.0,
Jack Bigham,2,Lake,6,4,4,4,5,3,4,3,4,37,4,5,4,4,4,2,5,5,4,37,74.0,
Matthew Kress,1,Lake,5,5,4,4,3,4,3,4,4,36,4,5,5,2,6,4,5,3,4,38,74.0,
Matthew Kress,2,Ocean,4,3,4,4,3,4,4,4,4,34,3,4,5,4,4,4,4,4,4,36,70.0,
Ryder Cowan,1,Ocean,3,3,4,4,3,4,4,4,4,33,3,5,5,4,4,4,5,3,4,37,70.0,
Ryder Cowan,2,Lake,5,4,3,3,5,4,4,3,4,35,5,6,4,3,3,3,6,5,4,39,74.0,
Shaun Cook,1,Lake,5,4,3,4,4,4,4,3,5,36,5,4,4,3,4,2,5,6,5,38,74.0,
Shaun Cook,2,Ocean,4,3,4,4,2,4,4,4,5,34,3,4,4,4,4,6,4,3,4,36,70.0,
Michael Lugiano,1,Lake,5,4,4,4,4,5,3,4,4,37,4,4,3,3,4,3,5,4,4,34,71.0,
Michael Lugiano,2,Ocean,4,4,5,5,3,3,5,3,3,35,3,7,4,4,4,4,4,3,5,38,73.0,
Josiah Hakala,1,Lake,5,5,3,4,5,4,3,2,4,35,4,4,3,3,4,3,5,6,5,37,72.0,
Josiah Hakala,2,Ocean,5,4,4,5,3,5,4,4,4,38,4,4,4,4,3,4,4,3,4,34,72.0,
Parker Sands,1,Lake,4,4,4,4,5,4,4,3,4,36,5,5,5,4,4,3,5,4,3,38,74.0,
Parker Sands,2,Ocean,4,3,2,5,2,4,4,4,4,32,4,5,4,5,4,5,4,2,5,38,70.0,
Evan Beck,1,Ocean,4,4,4,5,2,5,3,4,4,35,3,5,4,4,5,3,5,3,4,36,71.0,
Evan Beck,2,Lake,6,4,3,4,6,5,4,5,4,41,4,3,3,3,4,3,4,3,5,32,73.0,
Tyler Loree,1,Ocean,5,3,4,4,2,4,6,4,4,36,3,5,4,4,5,4,4,3,5,37,73.0,
Tyler Loree,2,Lake,5,3,4,4,5,5,4,3,3,36,5,4,4,3,4,3,5,4,3,35,71.0,
Wheaton Ennis,1,Lake,5,3,3,4,5,5,4,4,3,36,4,4,4,4,4,3,5,4,4,36,72.0,
Wheaton Ennis,2,Ocean,4,4,4,5,2,4,4,4,4,35,2,5,6,4,5,4,4,3,4,37,72.0,
Zackary Swanwick,1,Ocean,4,5,5,4,3,4,4,4,4,37,3,5,4,4,5,5,4,3,5,38,75.0,
Zackary Swanwick,2,Lake,4,3,4,4,4,4,4,3,3,33,4,4,4,3,4,4,5,4,4,36,69.0,
Greyson Leach,1,Lake,4,5,3,4,4,5,4,4,4,37,4,4,4,3,4,4,6,4,3,36,73.0,
Greyson Leach,2,Ocean,4,3,4,5,3,4,4,3,4,34,3,5,4,4,4,5,4,4,4,37,71.0,
Adam Anderson,1,Ocean,6,4,5,5,3,5,4,5,4,41,3,4,4,3,4,6,4,2,4,34,75.0,
Adam Anderson,2,Lake,4,4,3,4,4,4,4,3,4,34,4,5,5,3,3,2,6,3,4,35,69.0,
Will Hartman,1,Lake,4,4,3,4,5,4,5,4,3,36,4,4,4,2,5,2,4,4,6,35,71.0,
Will Hartman,2,Ocean,5,3,3,7,3,4,4,4,4,37,3,5,4,6,4,4,2,4,4,36,73.0,
Carlos Astiazaran,1,Lake,4,4,3,4,5,4,4,3,4,35,4,5,4,2,5,3,5,5,5,38,73.0,
Carlos Astiazaran,2,Ocean,4,4,4,4,3,3,4,4,4,34,3,5,4,4,5,4,5,3,4,37,71.0,
Josiah Gilbert,1,Lake,5,3,2,5,5,3,4,3,5,35,3,4,4,3,5,3,5,5,5,37,72.0,
Josiah Gilbert,2,Ocean,6,4,3,5,3,3,4,4,4,36,3,5,4,4,3,5,4,3,5,36,72.0,
Michael Riebe,1,Ocean,4,3,4,5,3,4,4,6,4,37,3,5,4,5,4,4,4,2,4,35,72.0,
Michael Riebe,2,Lake,5,4,4,4,4,5,2,4,4,36,4,4,3,3,4,3,5,6,4,36,72.0,
Matthew McClean,1,Lake,5,4,3,4,5,5,5,3,3,37,3,5,5,4,4,2,4,6,4,37,74.0,
Matthew McClean,2,Ocean,5,3,4,5,3,4,4,3,4,35,3,5,4,4,5,3,4,4,3,35,70.0,
Avinash Iyer,1,Ocean,5,3,4,5,3,6,3,4,4,37,4,5,4,4,3,4,4,2,4,34,71.0,
Avinash Iyer,2,Lake,4,4,4,5,5,4,3,4,4,37,4,5,3,3,4,3,6,4,4,36,73.0,
Ryan Terry,1,Lake,4,4,5,4,3,4,4,4,4,36,5,4,5,3,3,3,5,5,4,37,73.0,
Ryan Terry,2,Ocean,5,4,4,4,2,4,4,3,5,35,4,4,4,4,4,4,4,3,6,37,72.0,
Matt Vogt,1,Lake,5,3,3,5,4,5,3,3,3,34,4,3,4,3,5,3,5,5,4,36,70.0,
Matt Vogt,2,Ocean,4,4,4,5,3,4,4,5,4,37,4,4,5,4,5,4,4,4,4,38,75.0,
Luke Potter,1,Ocean,4,3,5,5,2,6,4,3,3,35,3,5,4,4,4,5,5,3,4,37,72.0,
Luke Potter,2,Lake,5,5,3,4,4,4,5,4,4,38,4,5,4,3,4,3,4,4,4,35,73.0,
Adam Friedman,1,Ocean,4,3,4,5,3,4,4,4,5,36,4,4,4,4,4,4,4,3,4,35,71.0,
Adam Friedman,2,Lake,4,4,3,5,6,4,3,4,5,38,4,4,3,3,4,3,6,5,4,36,74.0,
Declan O'Donovan,1,Lake,4,5,3,4,6,4,4,4,3,37,5,3,4,3,4,3,4,6,3,35,72.0,
Declan O'Donovan,2,Ocean,4,3,5,5,3,3,4,5,4,36,3,5,4,5,4,4,4,3,5,37,73.0,
Trevor Gutschewski,1,Ocean,6,3,4,5,3,3,4,4,4,36,2,5,4,4,4,3,5,4,6,37,73.0,
Trevor Gutschewski,2,Lake,5,4,3,5,4,5,3,3,4,36,5,4,3,4,4,3,5,4,4,36,72.0,
Matthew Comegys,1,Lake,5,5,4,4,4,4,4,3,4,37,4,4,4,3,4,3,4,5,4,35,72.0,
Matthew Comegys,2,Ocean,5,4,5,5,3,4,3,4,5,38,3,5,4,3,5,4,4,3,4,35,73.0,
Robbie Ziegler,1,Ocean,4,4,4,5,3,4,4,4,4,36,3,7,5,4,4,5,4,3,4,39,75.0,
Robbie Ziegler,2,Lake,4,4,4,4,4,4,3,2,5,34,4,4,4,3,4,3,5,5,4,36,70.0,
Stewart Hagestad,1,Lake,5,6,4,4,4,3,4,4,4,38,4,4,5,2,4,2,5,4,4,34,72.0,
Stewart Hagestad,2,Ocean,5,4,4,4,2,4,3,4,4,34,4,6,5,4,4,5,4,3,4,39,73.0,
Garrett Endicott,1,Ocean,4,4,3,5,2,4,6,4,4,36,3,5,4,4,4,5,4,4,5,38,74.0,
Garrett Endicott,2,Lake,4,4,3,6,4,5,4,3,4,37,5,4,3,2,4,3,6,4,4,35,72.0,
Garrett Rank,1,Ocean,5,3,3,6,2,5,4,3,4,35,3,5,4,3,5,4,5,3,5,37,72.0,
Garrett Rank,2,Lake,5,4,3,4,6,6,4,3,4,39,4,4,4,3,4,3,4,5,4,35,74.0,
William King,1,Ocean,4,3,4,5,3,5,4,4,3,35,3,5,5,4,5,4,3,3,4,36,71.0,
William King,2,Lake,4,5,3,4,4,4,3,4,4,35,5,5,4,3,6,3,5,5,4,40,75.0,
Coby Carruthers,1,Ocean,4,3,4,5,4,4,3,3,4,34,4,5,6,4,4,4,5,3,3,38,72.0,
Coby Carruthers,2,Lake,6,5,5,4,4,4,4,3,4,39,4,4,4,2,4,3,5,5,4,35,74.0,
Justin Biwer,1,Ocean,5,3,4,4,3,6,3,4,4,36,4,5,5,4,3,5,5,3,4,38,74.0,
Justin Biwer,2,Lake,4,4,4,4,5,4,4,3,4,36,2,5,4,3,3,3,6,5,5,36,72.0,
Hamilton Coleman,1,Ocean,4,4,5,5,3,3,4,4,4,36,3,4,4,4,4,4,5,3,6,37,73.0,
Hamilton Coleman,2,Lake,5,4,3,4,4,5,4,3,5,37,4,4,5,3,3,4,5,4,4,36,73.0,
Matthew Robles,1,Ocean,4,4,6,6,4,3,4,4,3,38,3,5,5,5,4,5,4,2,3,36,74.0,
Matthew Robles,2,Lake,4,5,3,4,5,4,3,3,5,36,4,4,3,4,4,3,5,6,3,36,72.0,
Jacob Goode,1,Lake,4,4,5,4,5,4,4,4,4,38,4,4,4,4,3,3,5,4,4,35,73.0,
Jacob Goode,2,Ocean,5,2,4,5,4,6,5,3,4,38,3,5,4,5,3,4,4,2,5,35,73.0,
Kade McDonough,1,Lake,5,4,2,5,5,5,4,4,4,38,3,4,5,4,4,3,5,5,5,38,76.0,
Kade McDonough,2,Ocean,4,4,3,4,3,4,4,4,4,34,4,5,4,4,4,3,5,3,4,36,70.0,
Oliver Cage,1,Lake,4,4,4,5,5,4,4,4,4,38,4,4,5,3,5,2,4,5,5,37,75.0,
Oliver Cage,2,Ocean,4,3,4,4,3,5,6,5,4,38,3,4,5,4,3,3,4,3,4,33,71.0,
Luke Powell,1,Ocean,4,4,4,5,2,5,4,4,4,36,3,5,4,4,3,5,5,3,5,37,73.0,
Luke Powell,2,Lake,5,4,4,4,5,4,3,3,3,35,4,5,4,3,5,3,5,4,5,38,,
Daniel Stringfellow,1,Lake,4,4,3,4,4,4,4,4,4,35,4,4,5,3,4,3,5,4,5,37,72.0,
Daniel Stringfellow,2,Ocean,6,3,4,5,2,5,5,4,3,37,3,5,4,4,5,4,5,3,4,37,74.0,
Matthew Troutman,1,Ocean,4,3,4,5,3,4,3,3,4,33,4,5,4,4,4,5,4,3,5,38,71.0,
Matthew Troutman,2,Lake,4,5,4,4,5,4,4,3,5,38,4,4,4,3,5,3,5,4,5,37,75.0,
Anthony Delisanti,1,Lake,4,4,4,3,4,4,3,4,4,34,5,5,5,4,4,3,4,5,3,38,72.0,
Anthony Delisanti,2,Ocean,5,3,4,4,4,4,4,5,4,37,4,5,3,5,4,3,4,2,7,37,74.0,
Andrew Ramos,1,Ocean,4,4,4,5,3,5,5,4,4,38,3,5,3,4,3,5,4,4,4,35,73.0,
Andrew Ramos,2,Lake,5,4,3,4,3,5,3,3,5,35,4,4,4,3,4,3,6,5,5,38,73.0,
Eric Doyle,1,Lake,4,4,3,4,4,4,4,4,4,35,3,4,4,3,4,3,5,5,4,35,70.0,
Eric Doyle,2,Ocean,4,3,4,5,2,4,6,4,3,35,3,7,4,4,5,6,4,2,6,41,76.0,
Cole Rueck,1,Lake,5,5,3,3,5,4,4,4,4,37,6,5,4,3,3,3,5,5,4,38,75.0,
Cole Rueck,2,Ocean,5,3,4,4,3,4,4,3,4,34,3,5,4,5,3,5,4,3,5,37,71.0,
Billy Dowling,1,Ocean,5,3,4,5,3,5,4,4,3,36,3,5,4,4,5,5,5,3,4,38,74.0,
Billy Dowling,2,Lake,4,4,3,4,6,3,3,4,4,35,4,3,4,3,4,3,8,5,3,37,72.0,
Tyler Mawhinney,1,Ocean,4,4,4,6,4,4,6,4,5,41,2,5,4,5,3,5,4,3,4,35,76.0,
Tyler Mawhinney,2,Lake,4,4,4,4,5,4,4,4,4,37,4,4,3,2,3,3,5,5,4,33,70.0,
Cameron Adam,1,Ocean,5,3,4,4,3,3,4,4,5,35,3,5,4,6,4,5,5,4,5,41,76.0,
Cameron Adam,2,Lake,3,4,4,5,4,4,3,3,5,35,4,4,4,3,4,3,5,5,3,35,70.0,
Bailey Sutter,1,Lake,5,4,4,4,4,4,4,2,5,36,3,5,5,3,5,3,6,4,4,38,74.0,
Bailey Sutter,2,Ocean,4,3,5,5,2,4,4,4,4,35,3,5,4,4,5,4,3,3,6,37,72.0,
Maxwell Tjoa,1,Ocean,4,4,5,4,3,4,4,4,4,36,3,5,4,4,5,4,5,3,5,38,74.0,
Maxwell Tjoa,2,Lake,5,4,4,5,4,4,5,3,4,38,4,4,5,3,3,3,5,5,3,35,73.0,
Tyler Watts,1,Lake,5,4,4,5,5,4,6,4,4,41,3,4,4,3,3,3,5,5,4,34,75.0,
Tyler Watts,2,Ocean,4,3,4,4,3,4,4,4,5,35,3,5,4,4,5,4,4,4,4,37,72.0,
Mike Calef,1,Lake,5,4,4,4,5,4,4,2,4,36,5,5,5,3,4,3,5,5,4,39,75.0,
Mike Calef,2,Ocean,5,4,4,4,3,4,5,3,3,35,3,5,4,4,4,5,4,3,5,37,72.0,
Matt Fast,1,Lake,5,5,3,4,4,4,4,3,5,37,4,4,4,3,5,4,5,4,4,37,74.0,
Matt Fast,2,Ocean,4,3,7,5,2,4,5,4,5,39,3,4,4,4,4,4,4,3,4,34,73.0,
Matthew Dodd-Berry,1,Lake,5,4,3,4,5,4,2,4,4,35,3,4,5,4,5,2,5,4,5,37,72.0,
Matthew Dodd-Berry,2,Ocean,4,4,4,5,4,3,4,3,4,35,4,5,4,5,5,4,4,4,5,40,75.0,
Jack Wieler,1,Lake,4,5,5,4,5,4,5,3,4,39,3,4,5,3,4,3,5,5,4,36,75.0,
Jack Wieler,2,Ocean,6,3,4,4,4,4,3,4,4,36,3,5,6,4,4,4,4,3,3,36,72.0,
Ashton McCulloch,1,Lake,5,4,3,5,5,5,4,4,4,39,4,5,4,2,4,3,6,4,5,37,76.0,
Ashton McCulloch,2,Ocean,3,3,4,5,3,4,4,4,4,34,4,4,3,4,5,5,5,3,4,37,71.0,
Bryce Wheeler,1,Ocean,4,4,5,5,3,3,4,4,4,36,3,5,4,4,4,5,4,2,6,37,73.0,
Bryce Wheeler,2,Lake,5,4,4,4,5,5,4,2,4,37,4,4,4,3,5,3,5,5,4,37,74.0,
Zach Kingsland,1,Ocean,4,3,5,5,3,4,4,4,5,37,3,5,3,3,3,5,5,3,5,35,72.0,
Zach Kingsland,2,Lake,5,4,4,5,4,4,3,3,5,37,4,4,4,5,4,4,4,5,4,38,75.0,
Christian Johnson,1,Lake,6,4,3,4,4,5,5,3,4,38,4,4,5,2,4,3,5,4,4,35,73.0,
Christian Johnson,2,Ocean,4,4,5,5,3,4,6,3,3,37,4,5,4,3,5,4,4,3,5,37,74.0,
William McDonald,1,Lake,5,5,3,4,4,4,4,3,4,36,4,4,5,2,3,3,5,5,5,36,72.0,
William McDonald,2,Ocean,5,3,4,5,3,4,5,3,4,36,3,4,4,4,5,4,4,5,6,39,75.0,
Anh Minh Nguyen,1,Ocean,5,3,4,5,3,4,5,4,3,36,3,6,4,4,4,5,3,3,3,35,71.0,
Anh Minh Nguyen,2,Lake,4,4,4,4,5,7,4,3,3,38,4,6,6,3,4,3,5,4,3,38,76.0,
Lorenzo Rodriguez,1,Ocean,4,2,4,4,3,4,4,3,4,32,5,5,5,4,4,4,5,4,4,40,72.0,
Lorenzo Rodriguez,2,Lake,4,4,4,5,5,3,4,3,4,36,5,4,5,3,5,3,5,5,5,40,76.0,
Jay Mendell,1,Ocean,4,4,3,5,2,5,5,4,4,36,3,5,5,4,5,5,4,4,4,39,75.0,
Jay Mendell,2,Lake,4,3,4,5,4,4,4,4,4,36,5,5,4,3,4,3,4,5,4,37,73.0,
Daniel Suter,1,Lake,4,4,3,5,6,4,4,4,5,39,4,6,4,3,4,3,6,5,6,41,80.0,
Daniel Suter,2,Ocean,5,3,4,5,2,4,4,4,3,34,2,4,4,4,3,5,5,4,3,34,68.0,
Cayden Pope,1,Lake,5,5,3,5,4,4,3,4,4,37,5,4,6,4,4,3,5,6,4,41,78.0,
Cayden Pope,2,Ocean,4,4,4,5,3,5,4,3,4,36,3,5,5,4,4,4,4,2,3,34,70.0,
Tyson Shelley,1,Ocean,4,3,6,5,2,4,4,4,4,36,3,5,4,3,5,4,4,4,4,36,72.0,
Tyson Shelley,2,Lake,5,6,3,4,5,4,3,3,4,37,4,5,5,4,4,2,5,6,4,39,76.0,
Lance Simpson,1,Lake,4,4,3,4,3,4,4,2,4,32,5,5,5,3,3,3,7,5,4,40,72.0,
Lance Simpson,2,Ocean,4,5,4,5,3,4,4,4,6,39,4,4,4,4,5,4,4,3,5,37,76.0,
Noah Kent,1,Ocean,4,4,4,5,3,4,4,4,4,36,3,5,4,4,4,4,4,3,7,38,74.0,
Noah Kent,2,Lake,4,4,3,4,5,4,3,3,4,34,5,4,4,4,4,3,5,6,5,40,74.0,
Nicholas Prieto,1,Lake,5,5,3,5,5,5,4,4,4,40,4,5,5,3,4,3,5,5,4,38,78.0,
Nicholas Prieto,2,Ocean,6,3,4,5,3,3,5,3,3,35,3,6,4,4,4,4,3,3,4,35,70.0,
Gabriel Palacios,1,Lake,5,5,5,4,6,4,5,3,3,40,4,4,5,3,3,3,5,4,4,35,75.0,
Gabriel Palacios,2,Ocean,4,3,5,5,3,5,3,3,4,35,3,7,4,4,4,5,4,3,4,38,73.0,
Keigo Takehara,1,Ocean,5,3,4,5,2,4,4,4,4,35,3,7,4,5,5,5,5,3,4,41,76.0,
Keigo Takehara,2,Lake,5,4,3,4,4,4,4,3,4,35,5,4,3,3,4,3,6,4,5,37,72.0,
Baron Szeto,1,Ocean,4,3,4,5,3,5,4,4,5,37,2,5,4,4,4,4,4,3,4,34,71.0,
Baron Szeto,2,Lake,6,5,5,4,4,6,3,4,4,41,4,4,4,3,5,2,5,5,4,36,77.0,
Jack Turner,1,Lake,5,4,4,4,5,5,3,3,4,37,4,6,5,3,4,3,5,5,3,38,75.0,
Jack Turner,2,Ocean,4,3,5,5,3,4,4,4,3,35,3,4,5,5,6,4,4,3,4,38,73.0,
Tomas Restrepo,1,Lake,5,4,3,4,4,4,4,3,5,36,5,4,4,4,3,4,4,5,6,39,75.0,
Tomas Restrepo,2,Ocean,5,3,4,3,3,4,4,4,4,34,3,6,5,5,4,4,4,4,4,39,73.0,
Parker Bell,1,Lake,5,4,3,4,4,4,4,2,4,34,5,4,5,3,4,2,5,5,5,38,72.0,
Parker Bell,2,Ocean,4,3,5,5,4,5,4,5,4,39,3,5,5,5,4,4,4,4,3,37,76.0,
Wells Williams,1,Ocean,5,4,5,5,4,4,3,6,4,40,3,5,4,4,4,5,4,3,5,37,77.0,
Wells Williams,2,Lake,5,5,5,4,5,4,3,3,4,38,4,5,3,3,4,2,5,3,4,33,71.0,
Jonathan Griz,1,Ocean,4,4,4,4,3,4,5,5,4,37,3,5,4,4,4,4,4,3,4,35,72.0,
Jonathan Griz,2,Lake,5,5,4,6,4,4,4,4,3,39,4,4,5,3,4,3,5,5,4,37,76.0,
Dax Isbell,1,Lake,5,5,3,5,5,4,3,2,4,36,4,4,5,3,3,3,6,7,4,39,75.0,
Dax Isbell,2,Ocean,4,3,4,4,4,3,4,4,5,35,3,6,5,4,4,5,5,3,4,39,74.0,
CJ Winchenbaugh,1,Ocean,5,4,3,5,3,4,3,3,4,34,4,5,5,3,4,4,5,3,4,37,71.0,
CJ Winchenbaugh,2,Lake,4,7,5,4,3,5,4,5,3,40,3,3,4,5,4,3,5,5,6,38,78.0,
Alejandro Villavicencio,1,Ocean,5,3,4,4,2,5,4,4,4,35,4,5,4,5,4,4,4,3,5,38,73.0,
Alejandro Villavicencio,2,Lake,5,5,4,4,5,5,4,4,4,40,4,4,3,3,4,3,5,5,5,36,76.0,
Cooper Schultz,1,Lake,5,5,5,4,6,4,4,3,4,40,4,4,5,3,3,3,6,6,4,38,78.0,
Cooper Schultz,2,Ocean,6,4,5,5,3,3,4,5,4,39,3,5,4,4,3,3,5,2,3,32,71.0,
Dean Greyserman,1,Lake,4,4,4,4,4,5,4,4,4,37,5,5,5,3,4,3,5,5,5,40,77.0,
Dean Greyserman,2,Ocean,5,4,3,6,3,3,4,4,5,37,3,4,4,5,4,4,4,3,4,35,72.0,
Zachery Pollo,1,Lake,6,3,3,4,5,4,3,4,3,35,5,4,4,5,3,3,5,4,4,37,72.0,
Zachery Pollo,2,Ocean,5,4,4,5,3,4,4,5,4,38,4,5,5,3,4,5,4,5,4,39,77.0,
Daniel Hayes,1,Ocean,5,3,4,5,4,5,3,5,4,38,3,5,3,4,4,5,5,3,6,38,76.0,
Daniel Hayes,2,Lake,4,4,5,4,5,6,4,4,5,41,4,5,4,2,4,2,3,4,4,32,73.0,
Noah Goldman,1,Lake,5,3,4,4,5,4,3,6,4,38,4,5,5,3,4,3,6,5,4,39,77.0,
Noah Goldman,2,Ocean,5,3,4,5,3,4,5,4,3,36,3,5,4,4,4,3,4,4,5,36,72.0,
Jaden Huggins,1,Lake,5,4,3,3,4,6,4,4,4,37,5,5,5,2,4,2,8,5,3,39,76.0,
Jaden Huggins,2,Ocean,5,4,4,5,6,3,4,4,3,38,3,5,4,4,4,4,4,3,4,35,73.0,
Bennett Espenshade,1,Ocean,5,4,4,5,3,5,5,4,4,39,4,4,4,4,4,5,3,3,4,35,74.0,
Bennett Espenshade,2,Lake,4,4,4,4,4,3,4,4,4,35,5,5,6,3,5,2,4,6,4,40,75.0,
Parker Wisdom,1,Lake,6,4,3,3,4,5,3,4,4,36,4,4,5,4,4,3,6,5,4,39,75.0,
Parker Wisdom,2,Ocean,5,3,3,5,3,3,4,6,5,37,2,5,4,5,3,5,5,4,4,37,74.0,
Jose Luis Montano,1,Ocean,6,4,4,5,4,4,4,4,4,39,4,8,4,4,4,4,4,3,5,40,79.0,
Jose Luis Montano,2,Lake,4,4,4,4,4,5,4,2,4,35,5,4,4,3,4,2,5,4,4,35,70.0,
Cooper Humphreys,1,Ocean,5,4,4,5,3,4,4,4,5,38,3,5,5,4,4,4,4,3,4,36,74.0,
Cooper Humphreys,2,Lake,4,4,3,4,4,5,3,3,4,34,5,5,5,4,4,3,6,5,4,41,75.0,
Braxton Kuntz,1,Lake,6,4,4,4,5,4,3,2,4,36,5,4,5,3,3,3,5,6,3,37,73.0,
Braxton Kuntz,2,Ocean,4,4,4,5,3,7,4,3,4,38,4,5,5,4,4,4,5,3,4,38,76.0,
JP Odland,1,Lake,5,3,3,5,4,4,4,4,5,37,4,4,4,4,4,3,5,5,4,37,74.0,
JP Odland,2,Ocean,5,3,5,4,2,4,4,4,4,35,3,8,3,6,5,3,5,3,4,40,75.0,
Bobby Massa,1,Ocean,4,4,4,5,3,7,4,4,5,40,3,5,4,5,4,4,3,3,7,38,78.0,
Bobby Massa,2,Lake,4,5,3,4,4,4,5,3,4,36,4,4,4,3,4,3,6,4,3,35,71.0,
Drue Nicholas,1,Ocean,6,3,5,5,3,4,4,5,4,39,3,4,5,4,4,4,5,3,4,36,75.0,
Drue Nicholas,2,Lake,5,5,4,4,4,5,4,2,4,37,4,5,4,3,4,2,6,5,4,37,74.0,
Aiden Krafft,1,Ocean,5,3,5,5,3,5,4,4,4,38,4,5,4,4,4,5,4,3,5,38,76.0,
Aiden Krafft,2,Lake,5,4,4,4,3,5,4,3,4,36,4,5,5,3,4,3,6,4,3,37,73.0,
Nathan O'Neal,1,Ocean,4,4,4,4,3,4,3,4,4,34,4,5,4,4,3,5,4,3,5,37,71.0,
Nathan O'Neal,2,Lake,5,4,4,4,4,4,4,3,4,36,4,5,5,4,6,3,5,6,4,42,78.0,
Preston Hage,1,Lake,5,4,4,5,5,5,4,3,4,39,4,4,5,3,3,2,4,4,6,35,74.0,
Preston Hage,2,Ocean,4,4,5,4,4,5,4,3,5,38,3,7,4,5,4,4,3,3,4,37,75.0,
Cole Imig,1,Ocean,4,3,3,5,3,5,5,4,4,36,4,6,3,5,5,4,4,3,4,38,74.0,
Cole Imig,2,Lake,4,6,2,5,4,4,4,3,4,36,4,4,4,3,5,3,6,6,4,39,75.0,
Owen Sawyer,1,Ocean,5,3,4,5,3,4,4,3,3,34,3,7,4,4,4,4,4,4,4,38,72.0,
Owen Sawyer,2,Lake,5,5,4,4,6,5,3,4,5,41,4,4,5,3,4,2,5,5,4,36,77.0,
Ronin Banerjee,1,Ocean,5,3,4,5,3,4,4,4,4,36,3,5,4,5,4,5,5,3,6,40,76.0,
Ronin Banerjee,2,Lake,5,4,4,4,4,4,4,4,4,37,4,6,3,3,3,3,5,5,4,36,73.0,
Kihei Akina,1,Lake,4,3,3,4,4,4,4,3,4,33,6,4,4,3,4,3,7,5,4,40,73.0,
Kihei Akina,2,Ocean,5,3,5,4,3,4,4,4,4,36,3,5,4,5,4,6,5,3,5,40,76.0,
Hiroshi Tai,1,Ocean,4,3,4,5,3,4,4,4,4,35,5,5,5,3,4,5,4,3,4,38,73.0,
Hiroshi Tai,2,Lake,5,4,3,4,6,4,4,3,5,38,5,5,4,2,4,3,6,5,4,38,76.0,
Jager Pain,1,Ocean,5,3,4,5,3,3,4,4,3,34,4,5,4,4,4,5,3,3,4,36,70.0,
Jager Pain,2,Lake,6,4,4,4,5,4,4,4,4,39,4,4,5,3,5,3,6,6,4,40,79.0,
Connor Cassano,1,Lake,4,4,2,5,5,5,6,3,5,39,4,5,5,4,4,5,4,4,4,39,78.0,
Connor Cassano,2,Ocean,4,2,4,4,3,4,4,5,4,34,3,6,4,4,5,4,5,2,4,37,71.0,
Winburne Hughes,1,Lake,5,3,5,5,5,4,5,4,4,40,4,4,4,3,5,3,5,7,4,39,79.0,
Winburne Hughes,2,Ocean,6,3,4,5,3,4,4,3,4,36,3,4,3,5,4,4,4,3,4,34,70.0,
Liam Maclauchlan,1,Ocean,5,4,3,5,3,4,4,4,5,37,3,5,4,4,5,5,4,3,4,37,74.0,
Liam Maclauchlan,2,Lake,5,4,4,5,5,4,4,4,4,39,4,5,4,4,3,3,4,5,4,36,75.0,
Gaven Lane,1,Lake,5,5,4,5,5,4,4,4,5,41,3,5,4,3,5,3,5,5,4,37,78.0,
Gaven Lane,2,Ocean,5,3,3,5,3,3,5,4,5,36,3,6,4,4,3,4,4,3,4,35,71.0,
Jack Gilbert,1,Lake,5,5,4,4,6,4,3,4,4,39,4,3,4,3,4,3,5,4,4,34,73.0,
Jack Gilbert,2,Ocean,5,3,4,5,4,4,4,4,4,37,4,5,4,4,5,4,4,4,5,39,76.0,
Gray Mitchum,1,Ocean,4,3,4,4,3,4,3,4,4,33,4,6,4,4,5,4,5,3,4,39,72.0,
Gray Mitchum,2,Lake,5,4,4,4,5,5,4,4,4,39,6,5,4,3,4,2,5,5,4,38,77.0,
Ratchanon TK Chantananuwat,1,Lake,5,4,4,5,5,3,4,4,4,38,4,5,4,3,4,4,5,6,4,39,77.0,
Ratchanon TK Chantananuwat,2,Ocean,4,4,3,5,4,5,5,3,3,36,3,5,5,4,4,4,6,3,3,37,73.0,
Zach Foushee,1,Lake,5,4,4,4,3,5,4,4,4,37,4,3,4,3,4,3,5,5,4,35,72.0,
Zach Foushee,2,Ocean,5,4,5,5,2,4,4,5,5,39,4,5,3,4,6,5,5,3,4,39,78.0,
Andrey Borges,1,Lake,5,5,3,4,4,5,4,4,5,39,4,5,4,2,5,3,5,7,3,38,77.0,
Andrey Borges,2,Ocean,3,3,4,4,4,4,4,4,4,34,3,5,4,4,5,4,4,3,7,39,73.0,
Jackson Spires,1,Ocean,4,3,4,5,4,4,6,3,4,37,3,6,5,3,5,5,5,3,5,40,77.0,
Jackson Spires,2,Lake,5,5,3,4,5,4,4,3,4,37,5,3,4,3,4,3,5,4,5,36,73.0,
Kurtis Rodriguez,1,Ocean,5,3,5,5,3,4,6,4,4,39,3,4,4,5,4,5,4,3,5,37,76.0,
Kurtis Rodriguez,2,Lake,5,5,5,5,3,4,5,3,5,40,4,4,4,3,3,3,5,4,4,34,74.0,
Colin Summers,1,Ocean,5,3,5,4,2,4,6,6,4,39,3,5,5,4,4,4,4,4,3,36,75.0,
Colin Summers,2,Lake,6,5,5,4,4,3,3,4,4,38,4,3,6,3,4,3,5,5,4,37,75.0,
Willy Walsh,1,Lake,4,4,3,5,5,4,4,5,3,37,4,3,4,3,5,4,5,5,5,38,75.0,
Willy Walsh,2,Ocean,4,4,6,4,3,7,4,4,4,40,3,6,4,4,3,4,4,3,4,35,75.0,
Collin Hodgkinson,1,Lake,4,5,3,4,4,5,3,4,3,35,4,4,5,3,4,4,5,5,4,38,73.0,
Collin Hodgkinson,2,Ocean,4,4,4,5,3,5,4,5,5,39,4,5,4,4,4,5,4,4,4,38,77.0,
Bo Blanchard,1,Lake,4,4,3,4,7,3,4,3,4,36,3,4,4,4,4,3,5,5,4,36,72.0,
Bo Blanchard,2,Ocean,6,4,5,7,2,3,4,5,4,40,4,6,4,4,4,4,4,3,5,38,78.0,
Grady Brame Jr.,1,Ocean,5,4,3,5,4,4,4,3,5,37,3,5,4,3,4,6,5,4,4,38,75.0,
Grady Brame Jr.,2,Lake,5,4,3,4,4,3,4,3,4,34,4,4,6,3,4,5,6,4,5,41,75.0,
Jeg Coughlin III,1,Lake,4,4,3,5,5,4,4,4,5,38,4,5,5,3,4,3,6,5,4,39,77.0,
Jeg Coughlin III,2,Ocean,5,3,4,5,3,4,5,3,4,36,3,4,4,5,4,4,5,4,4,37,73.0,
Bruce Murphy,1,Ocean,3,4,4,5,3,4,4,5,4,36,3,4,5,5,4,4,5,3,5,38,74.0,
Bruce Murphy,2,Lake,6,4,2,3,4,4,3,4,4,34,6,4,4,4,5,3,6,5,5,42,76.0,
Peer Wernicke,1,Lake,4,4,4,4,4,4,3,4,5,36,5,4,5,3,5,3,5,5,6,41,77.0,
Peer Wernicke,2,Ocean,5,3,4,5,3,3,4,4,4,35,3,5,5,4,5,4,5,3,4,38,73.0,
Philip Minnehan,1,Lake,4,4,4,5,4,3,4,3,4,35,4,4,5,3,4,2,5,4,4,35,70.0,
Philip Minnehan,2,Ocean,6,4,4,5,4,4,5,4,5,41,3,5,4,4,5,5,4,3,6,39,80.0,
Zach Gomez,1,Lake,5,4,4,4,4,5,4,3,4,37,6,5,5,3,4,2,5,6,4,40,77.0,
Zach Gomez,2,Ocean,5,3,6,5,3,4,4,5,3,38,3,5,4,5,4,4,4,3,4,36,74.0,
Dean Muratore,1,Ocean,6,4,5,5,3,6,3,4,4,40,2,4,4,4,4,4,4,4,4,34,74.0,
Dean Muratore,2,Lake,5,4,4,5,5,4,4,4,5,40,3,5,4,3,4,3,6,4,5,37,77.0,
Matthew Diehl,1,Ocean,3,4,5,5,3,5,4,4,3,36,3,5,4,5,4,5,5,3,4,38,74.0,
Matthew Diehl,2,Lake,5,4,3,4,5,4,5,4,3,37,5,4,5,3,5,4,6,4,4,40,77.0,
Kevin Hollomon,1,Lake,5,4,4,6,5,5,5,4,3,41,4,5,4,3,4,3,5,5,5,38,79.0,
Kevin Hollomon,2,Ocean,5,3,4,5,3,4,4,3,4,35,3,5,4,4,4,4,5,3,5,37,72.0,
Wyatt Brook,1,Lake,6,4,5,3,4,6,5,4,5,42,4,4,4,3,4,4,5,4,4,36,78.0,
Wyatt Brook,2,Ocean,5,2,3,5,3,5,4,6,4,37,4,5,5,4,4,4,3,3,4,36,73.0,
Trevor Lewis,1,Lake,5,4,3,4,4,5,6,4,5,40,4,5,4,3,4,2,5,4,4,35,75.0,
Trevor Lewis,2,Ocean,5,4,4,4,4,6,4,3,5,39,3,5,4,4,5,5,4,3,4,37,76.0,
Pavel Tsar,1,Ocean,5,3,4,6,2,5,3,4,5,37,3,5,4,4,5,5,5,2,5,38,75.0,
Pavel Tsar,2,Lake,6,4,3,4,4,5,3,3,4,36,4,3,5,4,4,4,6,5,5,40,76.0,
Malan Potgieter,1,Lake,5,4,5,5,6,4,4,4,3,40,5,5,5,4,4,3,5,6,5,42,82.0,
Malan Potgieter,2,Ocean,6,3,5,4,3,5,4,4,4,38,3,4,3,4,4,4,3,3,3,31,69.0,
Vince Sigl,1,Ocean,4,3,4,5,3,3,4,6,4,36,3,5,5,3,4,5,4,4,4,37,73.0,
Vince Sigl,2,Lake,4,5,5,4,5,4,5,4,4,40,4,5,5,3,4,3,6,5,3,38,78.0,
Jack Dukeminier,1,Lake,4,4,3,5,5,4,5,4,4,38,4,4,4,3,5,3,5,6,5,39,77.0,
Jack Dukeminier,2,Ocean,4,3,5,4,3,5,3,4,4,35,3,5,5,5,5,4,4,3,5,39,74.0,
Evan Barbin,1,Ocean,4,3,5,5,3,3,4,6,4,37,3,4,4,5,6,5,4,3,4,38,75.0,
Evan Barbin,2,Lake,5,4,4,4,4,4,3,3,4,35,4,5,5,3,5,3,6,6,4,41,76.0,
Mesa Falleur,1,Ocean,4,3,5,4,3,4,3,4,4,34,4,5,5,4,4,3,4,3,4,36,70.0,
Mesa Falleur,2,Lake,5,6,4,5,5,5,4,3,4,41,5,4,5,4,5,3,4,5,5,40,81.0,
Rocco Salvitti,1,Ocean,4,3,5,4,3,4,6,4,4,37,2,4,4,4,4,4,4,3,5,34,71.0,
Rocco Salvitti,2,Lake,5,4,4,5,6,4,6,4,4,42,4,5,4,3,3,3,5,5,6,38,80.0,
Rob O'Regan,1,Ocean,4,3,4,5,3,5,4,5,4,37,4,4,4,3,5,4,6,3,4,37,74.0,
Rob O'Regan,2,Lake,5,4,4,4,6,5,4,3,5,40,4,5,3,3,5,2,5,5,5,37,77.0,
Bennett McNabb,1,Lake,6,4,4,4,4,5,3,3,4,37,5,7,5,3,4,4,5,5,3,41,78.0,
Bennett McNabb,2,Ocean,6,4,4,5,3,5,4,3,3,37,2,4,5,5,3,5,4,3,5,36,73.0,
Xihuan Chang,1,Ocean,5,4,5,6,3,4,5,3,4,39,3,5,4,4,5,5,4,3,3,36,75.0,
Xihuan Chang,2,Lake,5,5,4,5,5,5,4,4,3,40,4,4,4,4,4,3,4,4,5,36,76.0,
Jaden Dumdumaya,1,Lake,5,4,3,4,3,5,4,4,4,36,4,4,5,3,3,3,5,5,4,36,72.0,
Jaden Dumdumaya,2,Ocean,4,3,6,5,3,4,4,4,4,37,4,6,4,4,6,6,4,3,5,42,79.0,
Kobe Valociek,1,Ocean,5,3,4,5,3,4,5,4,4,37,2,5,4,4,4,4,5,3,3,34,71.0,
Kobe Valociek,2,Lake,5,4,4,5,4,5,3,4,4,38,5,4,6,2,5,3,6,6,5,42,80.0,
Walker Gantt,1,Ocean,5,3,4,5,4,4,4,5,4,38,2,6,3,5,5,5,4,3,4,37,75.0,
Walker Gantt,2,Lake,5,4,3,4,5,4,5,3,5,38,5,4,5,2,5,3,6,5,3,38,76.0,
Jackson Saroney,1,Ocean,5,3,5,5,2,5,5,5,4,39,4,6,4,5,5,4,4,3,4,39,78.0,
Jackson Saroney,2,Lake,5,4,4,4,5,4,3,4,4,37,4,4,5,3,4,3,6,4,3,36,73.0,
Drew Kittleson,1,Ocean,5,4,4,5,3,4,3,4,4,36,3,7,5,4,6,5,4,3,4,41,77.0,
Drew Kittleson,2,Lake,6,3,3,5,4,5,4,3,5,38,4,5,4,3,4,3,4,5,4,36,74.0,
Tommy Hurst,1,Ocean,6,3,4,6,3,4,7,4,4,41,3,5,5,4,4,5,4,3,5,38,79.0,
Tommy Hurst,2,Lake,5,4,4,4,4,4,4,3,4,36,5,4,5,4,4,3,4,5,3,37,73.0,
Ryan Abuan,1,Lake,5,5,3,5,4,4,3,4,4,37,5,4,6,3,4,3,5,5,6,41,78.0,
Ryan Abuan,2,Ocean,4,2,4,4,3,4,6,3,6,36,4,5,5,4,4,5,4,3,4,38,74.0,
Grant Doggett,1,Lake,5,5,4,5,4,4,4,4,4,39,4,4,5,3,4,3,5,5,5,38,77.0,
Grant Doggett,2,Ocean,4,3,6,5,3,5,4,4,4,38,4,5,4,3,4,4,5,3,5,37,75.0,
Rylan Johnson,1,Lake,7,4,4,6,6,4,4,3,4,42,4,4,5,3,4,3,5,5,6,39,81.0,
Rylan Johnson,2,Ocean,4,3,4,5,3,4,4,4,3,34,3,4,5,5,5,4,4,3,4,37,71.0,
Michael La Sasso,1,Lake,5,4,4,5,4,4,4,4,4,38,5,5,4,2,4,3,7,6,4,40,78.0,
Michael La Sasso,2,Ocean,4,4,5,4,3,5,6,4,4,39,4,4,4,3,4,5,4,3,4,35,74.0,
Michael Crocker,1,Ocean,4,6,6,5,3,4,4,4,4,40,3,5,4,4,4,5,4,4,5,38,78.0,
Michael Crocker,2,Lake,4,4,3,5,5,4,3,5,4,37,4,4,3,3,4,4,5,5,5,37,74.0,
Chad Niezing,1,Ocean,5,4,6,5,3,4,4,4,4,39,3,5,5,4,4,5,4,3,4,37,76.0,
Chad Niezing,2,Lake,3,5,4,5,4,4,4,2,4,35,5,5,5,3,4,3,6,6,4,41,76.0,
AJ Fitzgerald,1,Ocean,5,4,4,4,3,4,6,5,4,39,5,6,4,4,6,4,4,3,4,40,79.0,
AJ Fitzgerald,2,Lake,5,5,3,4,5,6,3,3,4,38,4,4,4,3,4,3,4,5,4,35,73.0,
Benjamin Reuter,1,Lake,4,4,3,4,5,4,5,4,3,36,5,6,4,3,3,3,5,4,4,37,73.0,
Benjamin Reuter,2,Ocean,4,3,4,5,3,8,4,4,4,39,6,5,5,4,4,4,4,3,5,40,79.0,
Ethan Fang,1,Ocean,5,3,5,5,3,4,4,4,4,37,3,5,5,4,4,4,4,4,3,36,73.0,
Ethan Fang,2,Lake,5,5,5,5,5,5,5,4,4,43,5,4,4,3,4,3,5,4,4,36,79.0,
Cody Massa,1,Ocean,5,4,4,5,3,4,4,4,4,37,3,5,4,4,6,4,5,4,4,39,76.0,
Cody Massa,2,Lake,6,7,4,4,5,5,4,3,3,41,5,4,3,2,3,3,5,5,5,35,76.0,
Ethan Evans,1,Ocean,4,3,4,4,4,6,4,6,4,39,3,5,4,3,4,6,4,3,3,35,74.0,
Ethan Evans,2,Lake,4,3,4,5,5,6,3,4,3,37,4,5,5,4,4,3,7,5,4,41,78.0,
Connor Doyal,1,Lake,4,5,3,4,4,5,4,4,4,37,4,4,5,3,5,3,4,4,4,36,73.0,
Connor Doyal,2,Ocean,5,3,5,6,3,4,4,5,4,39,3,9,4,4,5,4,4,3,4,40,79.0,
William Ma,1,Ocean,5,4,5,5,3,5,4,4,4,39,4,5,4,4,4,5,5,2,3,36,75.0,
William Ma,2,Lake,4,4,4,4,5,6,4,4,4,39,5,3,5,3,3,3,6,5,5,38,77.0,
Nathaniel Frink,1,Lake,5,4,4,4,5,5,4,4,4,39,4,4,5,3,4,3,6,5,5,39,78.0,
Nathaniel Frink,2,Ocean,5,3,4,5,2,5,6,3,4,37,4,5,4,4,4,4,4,4,4,37,74.0,
Brad Nurski,1,Lake,4,4,3,3,5,6,5,3,4,37,4,4,4,5,4,3,6,5,4,39,76.0,
Brad Nurski,2,Ocean,6,3,4,6,3,4,4,4,4,38,4,4,4,4,5,4,4,4,5,38,76.0,
Carson Brewer,1,Lake,5,5,3,4,5,4,4,4,5,39,4,5,4,3,3,3,6,5,4,37,76.0,
Carson Brewer,2,Ocean,5,3,4,5,3,4,4,3,3,34,4,5,5,5,6,5,5,3,5,43,77.0,
Aaron Sorkin,1,Ocean,5,5,4,5,3,6,4,3,4,39,3,5,4,3,5,5,4,3,6,38,77.0,
Aaron Sorkin,2,Lake,5,5,3,4,5,4,5,3,4,38,5,5,4,3,4,3,5,5,4,38,76.0,
Thomas Herholtz,1,Lake,5,4,3,5,5,5,5,2,4,38,4,4,5,3,6,3,5,6,3,39,77.0,
Thomas Herholtz,2,Ocean,5,4,3,5,3,5,4,4,4,37,4,7,5,3,5,4,4,3,4,39,76.0,
Hugo Le Goff,1,Ocean,4,4,4,4,5,4,4,6,4,39,4,5,5,4,5,5,4,4,4,40,79.0,
Hugo Le Goff,2,Lake,5,5,3,4,5,4,5,3,4,38,4,4,4,3,4,3,6,4,4,36,74.0,
Joe Wilson IV,1,Ocean,5,4,4,6,4,4,4,4,4,39,4,5,5,4,4,4,4,4,5,39,78.0,
Joe Wilson IV,2,Lake,5,4,4,4,5,4,3,4,5,38,4,4,5,4,4,3,4,6,3,37,75.0,
Logan Zurn,1,Lake,5,6,5,4,5,4,4,3,5,41,4,4,5,3,4,2,6,5,4,37,78.0,
Logan Zurn,2,Ocean,5,4,4,5,3,6,5,3,4,39,3,4,4,5,5,4,4,3,4,36,75.0,
Ryan Wilkins,1,Lake,7,4,3,5,4,4,4,3,4,38,4,5,4,4,6,2,6,4,5,40,78.0,
Ryan Wilkins,2,Ocean,5,3,4,5,4,3,4,5,5,38,3,5,5,6,4,4,4,3,3,37,75.0,
Cooper Paull,1,Ocean,5,3,3,5,4,4,4,4,4,36,3,6,5,4,5,5,4,4,4,40,76.0,
Cooper Paull,2,Lake,4,4,3,4,5,5,4,4,4,37,3,5,4,4,4,4,6,6,4,40,77.0,
Hayes Brown,1,Lake,5,4,3,4,4,5,3,6,5,39,4,3,5,4,5,3,5,6,4,39,78.0,
Hayes Brown,2,Ocean,6,4,4,5,5,4,3,4,4,39,3,5,5,3,4,5,4,3,4,36,75.0,
Tomi Bowen,1,Lake,5,5,3,4,4,6,5,4,4,40,5,4,5,3,3,4,5,6,5,40,80.0,
Tomi Bowen,2,Ocean,5,4,4,4,4,4,4,4,4,37,4,4,3,4,4,5,4,3,5,36,73.0,
Sam Jackson,1,Lake,5,5,5,5,6,4,4,4,5,43,4,4,6,4,4,3,5,5,4,39,82.0,
Sam Jackson,2,Ocean,4,4,4,4,4,3,4,4,4,35,3,5,4,5,3,4,4,4,4,36,71.0,
Coy Dobson,1,Ocean,5,3,4,5,3,4,4,4,5,37,3,8,6,3,5,4,4,3,5,41,78.0,
Coy Dobson,2,Lake,5,4,5,4,5,4,4,4,3,38,5,3,4,3,5,3,6,4,4,37,75.0,
Kaleb Wilson,1,Ocean,4,4,4,5,2,7,4,4,5,39,3,5,4,4,5,4,4,3,4,36,75.0,
Kaleb Wilson,2,Lake,5,5,4,4,4,6,4,3,5,40,4,4,4,3,3,4,7,5,4,38,78.0,
Trent Virden,1,Ocean,4,4,6,4,3,3,5,4,4,37,4,5,5,3,4,4,4,3,4,36,73.0,
Trent Virden,2,Lake,5,4,4,4,7,4,4,4,4,40,4,4,6,3,4,2,7,5,5,40,80.0,
Luke Sample,1,Lake,5,4,4,3,4,4,5,3,4,36,4,5,4,4,4,3,6,5,4,39,75.0,
Luke Sample,2,Ocean,5,4,5,5,3,5,5,4,4,40,3,4,4,4,5,6,4,3,5,38,78.0,
Jake Olson,1,Ocean,7,4,5,6,2,5,4,4,4,41,3,5,3,4,4,4,4,3,4,34,75.0,
Jake Olson,2,Lake,4,4,3,4,5,8,4,3,6,41,6,4,5,3,3,2,5,5,4,37,78.0,
Nicholas Gross,1,Lake,5,4,4,4,6,5,4,3,5,40,4,5,5,3,4,3,5,6,4,39,79.0,
Nicholas Gross,2,Ocean,4,3,4,5,3,3,4,5,6,37,3,8,3,3,4,4,5,3,4,37,74.0,
TJ Barger,1,Lake,6,5,4,3,5,5,4,3,4,39,4,4,4,4,4,3,5,5,4,37,76.0,
TJ Barger,2,Ocean,5,4,4,6,4,4,4,6,4,41,3,5,4,4,5,4,4,3,4,36,77.0,
Mike Hearne,1,Ocean,4,3,4,5,3,7,4,4,5,39,3,5,5,4,5,5,4,4,6,41,80.0,
Mike Hearne,2,Lake,5,4,3,4,5,4,4,4,3,36,4,4,4,4,4,3,5,5,4,37,73.0,
Pierce Grieve,1,Ocean,6,4,5,5,4,5,4,4,4,41,3,5,5,4,4,5,4,4,3,37,78.0,
Pierce Grieve,2,Lake,4,4,4,4,5,5,4,4,4,38,4,4,5,3,4,3,6,5,3,37,75.0,
Harris Barth,1,Ocean,4,3,4,5,2,4,6,4,4,36,2,5,5,5,5,4,5,3,6,40,76.0,
Harris Barth,2,Lake,7,4,3,4,4,4,3,3,5,37,4,4,5,4,4,2,7,6,4,40,77.0,
Andy Sajevic,1,Lake,5,6,5,4,4,5,4,3,3,39,4,7,5,3,4,4,4,5,4,40,79.0,
Andy Sajevic,2,Ocean,5,3,4,5,2,4,6,4,4,37,3,5,5,5,4,5,4,3,4,38,75.0,
Connor Williams,1,Ocean,4,3,4,5,3,4,3,4,3,33,3,5,4,4,5,4,3,3,5,36,69.0,
Connor Williams,2,Lake,4,4,3,5,5,4,7,4,5,41,5,5,4,3,6,3,5,5,8,44,85.0,
Arrow Aarav Shah,1,Ocean,5,5,4,4,4,5,5,5,4,41,5,5,5,4,3,4,4,4,3,37,78.0,
Arrow Aarav Shah,2,Lake,4,4,4,4,5,5,4,4,5,39,5,4,4,2,4,3,5,5,5,37,76.0,
Alex Holder,1,Ocean,6,4,5,5,4,5,4,4,4,41,3,4,3,4,5,4,5,3,5,36,77.0,
Alex Holder,2,Lake,6,6,3,4,4,4,5,4,5,41,4,3,4,3,4,3,5,5,5,36,77.0,
Jordan Less,1,Ocean,5,3,5,4,3,5,5,4,3,37,5,6,4,5,4,4,4,3,4,39,76.0,
Jordan Less,2,Lake,6,4,4,4,5,6,4,4,4,41,5,4,5,2,4,3,6,5,3,37,78.0,
Brody Leid,1,Ocean,4,4,4,5,3,5,6,4,4,39,3,5,4,4,4,4,4,3,4,35,74.0,
Brody Leid,2,Lake,4,5,4,5,4,4,4,3,4,37,5,4,5,4,4,4,7,6,4,43,80.0,
Smith Summerlin,1,Lake,5,5,3,4,6,4,4,3,5,39,4,4,5,3,4,3,5,4,4,36,75.0,
Smith Summerlin,2,Ocean,6,3,5,4,3,4,6,4,4,39,5,5,4,5,4,5,4,4,4,40,79.0,
Phillip Kench,1,Lake,5,3,3,4,5,6,4,5,4,39,4,5,4,4,4,3,6,5,5,40,79.0,
Phillip Kench,2,Ocean,5,4,5,5,2,5,4,4,4,38,4,4,4,4,5,4,5,3,4,37,75.0,
Nicholas Turowski,1,Ocean,4,3,4,5,4,3,4,4,3,34,3,5,6,5,4,4,4,4,4,39,73.0,
Nicholas Turowski,2,Lake,5,4,3,5,4,4,3,4,4,36,4,5,9,5,3,4,6,5,4,45,81.0,
Jake Moffitt,1,Ocean,5,4,5,4,2,4,4,5,4,37,3,5,4,5,4,6,6,3,5,41,78.0,
Jake Moffitt,2,Lake,5,4,3,5,4,4,4,3,4,36,4,3,5,3,5,4,6,5,5,40,76.0,
Ron Whittaker,1,Lake,5,5,4,5,6,3,4,4,4,40,3,4,5,3,4,4,6,5,5,39,79.0,
Ron Whittaker,2,Ocean,5,3,5,8,3,4,4,4,4,40,3,6,4,4,3,3,4,3,5,35,75.0,
Barnes Blake,1,Lake,4,5,3,5,4,6,4,4,5,40,4,4,4,2,4,4,5,5,5,37,77.0,
Barnes Blake,2,Ocean,5,3,4,5,3,4,5,4,4,37,3,5,6,4,5,3,5,4,5,40,77.0,
Warren Thomis,1,Lake,5,6,3,4,7,4,4,3,4,40,4,4,6,3,4,3,4,6,6,40,80.0,
Warren Thomis,2,Ocean,5,4,4,5,3,4,4,6,3,38,3,5,4,4,5,5,4,3,4,37,75.0,
Matthew Armstrong,1,Lake,5,3,4,5,5,5,4,4,4,39,4,5,3,5,5,4,5,5,4,40,79.0,
Matthew Armstrong,2,Ocean,6,3,4,5,3,4,4,4,5,38,4,5,5,3,6,4,4,3,4,38,76.0,
Bryan Lee,1,Lake,5,4,3,3,5,4,4,3,5,36,5,4,4,4,5,3,5,5,5,40,76.0,
Bryan Lee,2,Ocean,7,4,5,5,3,4,4,5,3,40,4,7,4,3,5,4,4,4,4,39,79.0,
Eli Spaulding,1,Lake,5,4,4,5,5,5,5,4,4,41,4,4,5,4,4,5,4,6,4,40,81.0,
Eli Spaulding,2,Ocean,4,3,5,5,3,6,5,4,3,38,3,4,5,5,4,4,5,3,3,36,74.0,
Alvaro Muller Baumgart,1,Ocean,4,4,4,6,2,5,4,7,4,40,3,8,4,3,4,4,5,2,6,39,79.0,
Alvaro Muller Baumgart,2,Lake,5,6,5,3,4,5,4,3,4,39,4,5,4,3,4,3,6,4,4,37,76.0,
Todd White,1,Lake,4,4,3,6,6,4,5,4,7,43,4,4,5,3,4,3,6,5,4,38,81.0,
Todd White,2,Ocean,4,4,5,5,4,4,4,4,4,38,3,6,4,4,3,4,4,4,4,36,74.0,
Nate Stevens,1,Ocean,6,4,4,5,3,5,4,5,5,41,3,6,4,4,4,5,4,4,5,39,80.0,
Nate Stevens,2,Lake,4,4,4,5,5,4,4,4,6,40,3,4,5,3,4,2,5,5,4,35,75.0,
Victor Caliguri,1,Lake,5,5,3,4,4,4,4,3,6,38,4,4,4,4,4,3,5,4,4,36,74.0,
Victor Caliguri,2,Ocean,4,3,4,5,3,6,5,5,3,38,4,4,6,5,5,5,5,4,5,43,81.0,
Toby Wilt,1,Lake,6,3,4,5,5,5,4,4,4,40,4,4,5,4,4,3,5,5,4,38,78.0,
Toby Wilt,2,Ocean,5,3,5,6,4,5,4,5,4,41,4,5,4,3,3,4,5,4,4,36,77.0,
Matt Parziale,1,Lake,6,4,4,5,4,5,4,5,4,41,4,4,4,3,4,3,5,3,5,35,76.0,
Matt Parziale,2,Ocean,5,4,4,5,4,4,4,4,4,38,3,5,5,6,3,6,6,3,4,41,79.0,
Ben Cors,1,Lake,7,5,3,5,4,5,6,4,4,43,5,4,4,4,4,4,5,5,5,40,83.0,
Ben Cors,2,Ocean,4,3,4,4,2,4,4,4,4,33,3,5,4,4,5,5,4,3,7,40,73.0,
Keenan Royalty,1,Ocean,4,4,4,6,4,5,5,4,4,40,3,6,4,4,4,5,4,4,3,37,77.0,
Keenan Royalty,2,Lake,5,4,5,5,5,6,3,4,4,41,4,4,4,5,4,3,5,5,4,38,79.0,
Luke Brandler,1,Ocean,4,4,5,5,4,4,5,4,6,41,4,5,5,5,5,4,4,4,5,41,82.0,
Luke Brandler,2,Lake,5,4,4,6,3,4,4,3,5,38,4,4,4,3,4,3,4,5,5,36,74.0,
Tim Hegarty,1,Lake,5,5,3,5,3,5,5,4,4,39,4,5,5,3,4,3,6,5,4,39,78.0,
Tim Hegarty,2,Ocean,5,4,4,6,4,4,4,4,4,39,3,5,6,5,4,3,5,3,5,39,78.0,
Daniel Sullivan,1,Ocean,4,3,5,6,3,4,4,4,4,37,3,5,5,5,5,4,5,4,5,41,78.0,
Daniel Sullivan,2,Lake,5,5,4,4,5,4,4,4,5,40,4,6,5,2,5,3,6,4,3,38,78.0,
Noah McWilliams,1,Ocean,5,4,5,5,3,6,3,5,4,40,4,5,4,4,4,4,4,3,5,37,77.0,
Noah McWilliams,2,Lake,6,4,4,3,5,4,4,4,5,39,4,5,4,4,4,4,5,6,4,40,79.0,
Payton Taylor,1,Ocean,4,4,5,6,3,5,4,6,3,40,4,5,4,4,6,5,4,3,4,39,79.0,
Payton Taylor,2,Lake,5,4,4,5,5,5,3,4,3,38,4,3,5,3,4,3,9,5,4,40,78.0,
Jacob Sosa,1,Lake,5,4,5,3,6,4,4,3,3,37,4,4,4,5,4,3,5,5,7,41,78.0,
Jacob Sosa,2,Ocean,6,5,4,5,3,4,5,4,4,40,3,5,4,4,5,4,5,3,6,39,79.0,
Jaxon Bandelier,1,Ocean,7,3,5,5,3,4,4,3,6,40,4,4,3,4,4,5,6,4,5,39,79.0,
Jaxon Bandelier,2,Lake,6,3,4,4,5,5,4,4,5,40,4,5,5,3,3,3,5,6,4,38,78.0,
Sebastian Kasun,1,Lake,6,4,3,5,5,6,3,3,5,40,6,5,4,3,6,3,5,5,4,41,81.0,
Sebastian Kasun,2,Ocean,6,3,4,5,4,4,5,4,5,40,2,5,4,3,3,5,5,3,6,36,76.0,
Josh Ince,1,Lake,6,4,4,5,4,3,3,4,3,36,5,5,4,4,4,4,6,7,4,43,79.0,
Josh Ince,2,Ocean,4,5,4,5,3,7,4,4,4,40,5,6,4,4,4,3,5,3,4,38,78.0,
Parker Paxton,1,Ocean,6,3,5,5,3,6,6,4,4,42,3,5,4,4,5,5,4,3,5,38,80.0,
Parker Paxton,2,Lake,4,6,3,4,5,4,4,4,3,37,4,5,4,2,5,4,6,6,4,40,77.0,
Richard Teder,1,Ocean,5,3,4,5,3,3,4,4,5,36,4,6,4,3,4,4,4,3,5,37,73.0,
Richard Teder,2,Lake,5,5,4,4,5,6,5,4,5,43,4,3,6,3,5,3,6,6,5,41,84.0,
Kevin Gillick,1,Ocean,5,4,4,5,3,4,5,4,3,37,3,5,4,4,5,4,5,3,5,38,75.0,
Kevin Gillick,2,Lake,5,5,3,4,4,5,4,4,5,39,5,4,5,5,6,3,5,5,5,43,82.0,
Peter Kim,1,Lake,6,4,3,5,5,5,4,3,4,39,4,4,4,3,4,3,5,5,4,36,75.0,
Peter Kim,2,Ocean,6,3,4,5,3,6,6,5,4,42,3,8,4,5,5,4,4,3,4,40,82.0,
Greg Sanders,1,Ocean,4,4,5,6,3,7,4,5,3,41,4,5,4,5,5,5,4,3,4,39,80.0,
Greg Sanders,2,Lake,6,3,4,4,5,4,4,4,4,38,5,4,5,3,4,3,5,5,5,39,77.0,
Ty Adkins,1,Ocean,5,3,5,6,6,4,6,4,4,43,4,5,4,4,5,4,4,3,6,39,82.0,
Ty Adkins,2,Lake,5,4,5,5,4,4,3,5,3,38,5,4,4,2,5,2,6,6,4,38,76.0,
Robi Calvesbert,1,Ocean,6,3,4,5,4,4,3,4,6,39,3,5,5,5,5,6,3,4,5,41,80.0,
Robi Calvesbert,2,Lake,5,4,4,4,4,4,6,3,5,39,6,4,4,4,3,3,5,5,5,39,78.0,
Fred Allen Meyer,1,Lake,5,3,5,5,5,5,4,4,6,42,5,4,4,3,3,3,6,4,5,37,79.0,
Fred Allen Meyer,2,Ocean,5,4,4,6,2,4,4,4,4,37,3,7,5,6,4,5,4,3,5,42,79.0,
Ben Gregg,1,Ocean,5,3,8,7,3,4,4,4,4,42,4,5,5,4,5,4,3,4,5,39,81.0,
Ben Gregg,2,Lake,5,3,4,4,4,5,3,4,4,36,5,5,5,4,4,3,6,4,5,41,77.0,
Hunter Smith,1,Ocean,5,3,5,4,4,5,5,7,4,42,3,8,4,5,4,4,4,3,5,40,82.0,
Hunter Smith,2,Lake,4,4,4,4,5,4,3,5,4,37,5,5,5,3,4,3,5,6,3,39,76.0,
Owen Elliott,1,Ocean,5,4,5,5,2,4,5,5,4,39,3,7,4,3,5,5,5,3,5,40,79.0,
Owen Elliott,2,Lake,5,5,4,4,4,6,5,3,3,39,6,5,3,3,4,4,6,4,5,40,79.0,
Matt Mitchell,1,Ocean,5,4,5,5,4,4,4,6,4,41,4,5,5,5,4,4,5,3,4,39,80.0,
Matt Mitchell,2,Lake,5,4,3,5,4,5,5,3,4,38,4,5,4,3,4,4,5,6,6,41,79.0,
Connor McNeely,1,Lake,5,4,3,4,6,5,4,3,5,39,4,4,5,3,3,3,6,6,4,38,77.0,
Connor McNeely,2,Ocean,7,4,4,5,3,5,4,4,4,40,3,7,6,5,3,5,6,3,4,42,82.0,
Michael Winslow,1,Lake,6,4,4,6,5,5,4,3,4,41,4,4,5,3,5,5,6,5,5,42,83.0,
Michael Winslow,2,Ocean,4,4,4,5,3,4,4,4,4,36,3,5,5,5,5,4,5,3,5,40,76.0,
Kevin Lydon,1,Ocean,5,6,5,5,4,4,4,4,4,41,4,6,4,4,4,5,4,4,8,43,84.0,
Kevin Lydon,2,Lake,4,5,4,4,4,5,4,4,4,38,4,4,4,3,5,2,5,6,4,37,75.0,
Peter Myers,1,Lake,5,6,4,5,4,3,6,3,4,40,4,4,5,3,4,3,6,6,4,39,79.0,
Peter Myers,2,Ocean,6,5,4,6,3,6,4,6,4,44,3,5,5,3,4,5,3,3,5,36,80.0,
Michael Walsh,1,Ocean,6,3,5,5,4,4,5,4,4,40,3,6,4,5,3,5,4,4,4,38,78.0,
Michael Walsh,2,Lake,6,5,3,3,7,5,4,4,4,41,4,4,7,4,5,3,6,4,4,41,82.0,
Ben Haggin,1,Ocean,6,3,6,4,2,6,6,4,5,42,3,5,5,6,4,4,5,3,4,39,81.0,
Ben Haggin,2,Lake,5,4,4,5,4,4,6,3,4,39,4,4,5,4,5,3,5,5,5,40,79.0,
Alejandro Fierro,1,Ocean,5,3,6,6,4,5,4,4,4,41,4,5,6,5,5,6,4,3,4,42,83.0,
Alejandro Fierro,2,Lake,5,4,3,4,4,5,5,3,5,38,4,4,5,3,4,3,5,6,5,39,77.0,
Ieuan Jones,1,Ocean,5,4,4,4,5,4,4,4,4,38,3,7,4,4,5,4,4,2,4,37,75.0,
Ieuan Jones,2,Lake,5,4,4,5,4,5,4,3,5,39,6,6,5,5,4,3,6,6,5,46,85.0,
Carson Skarperud,1,Ocean,5,3,4,5,4,9,6,3,5,44,3,5,3,5,4,4,4,3,6,37,81.0,
Carson Skarperud,2,Lake,5,4,4,5,5,4,4,4,4,39,5,5,5,3,7,3,5,4,4,41,80.0,
Luke Metzger,1,Lake,5,8,3,4,4,6,3,4,3,40,5,6,5,3,4,3,5,6,7,44,84.0,
Luke Metzger,2,Ocean,4,3,6,5,4,4,5,4,5,40,3,4,4,5,5,4,4,3,5,37,77.0,
Jake Ackerman,1,Ocean,4,4,5,6,4,5,5,6,4,43,2,6,4,4,5,4,5,3,5,38,81.0,
Jake Ackerman,2,Lake,4,5,4,4,6,4,4,5,5,41,4,4,5,4,3,3,7,5,5,40,81.0,
Jake Bauer,1,Lake,4,5,4,4,3,5,5,6,4,40,4,5,5,3,4,3,5,4,5,38,78.0,
Jake Bauer,2,Ocean,5,6,4,5,4,4,4,6,6,44,4,4,5,6,4,3,4,4,7,41,85.0,
Brian Blalock,1,Ocean,6,4,6,3,3,4,5,5,4,40,3,6,4,5,5,5,4,4,5,41,81.0,
Brian Blalock,2,Lake,6,6,4,4,4,7,4,5,4,44,4,4,3,3,8,3,6,4,4,39,83.0,
Jacob Kutner,1,Lake,5,5,4,5,4,5,5,3,4,40,4,7,4,4,4,3,5,5,4,40,80.0,
Jacob Kutner,2,Ocean,4,3,5,5,3,4,4,4,4,36,7,7,4,5,7,5,5,4,4,48,84.0,
Alex Zurat,1,Lake,5,6,4,4,5,4,4,4,4,40,5,5,4,3,4,2,7,6,5,41,81.0,
Alex Zurat,2,Ocean,6,4,5,4,4,6,4,6,5,44,3,5,5,4,5,5,5,3,5,40,84.0,
Luke Dugger,1,Ocean,7,4,5,5,3,4,4,7,4,43,3,5,5,4,5,5,4,4,4,39,82.0,
Luke Dugger,2,Lake,5,5,3,5,8,4,5,3,4,42,7,4,4,4,4,3,6,5,5,42,84.0,
Chandler Mulkey,1,Lake,6,5,5,5,5,5,4,5,4,44,5,4,4,4,5,4,6,6,5,43,87.0,
Chandler Mulkey,2,Ocean,5,3,5,5,4,5,3,4,4,38,4,8,4,5,5,5,5,5,5,46,84.0,
Rintaro Nakano,1,Lake,5,5,3,5,4,4,5,4,4,39,4,4,4,3,4,3,5,5,4,36,75.0,
Rintaro Nakano,2,Ocean,4,3,4,5,3,4,3,4,4,34,3,5,4,3,3,4,4,3,4,33,67.0,
Connor Graham,1,Lake,5,4,2,4,4,4,4,4,5,36,3,4,4,4,4,3,6,5,3,36,72.0,
Connor Graham,2,Ocean,4,4,5,4,4,5,4,4,3,37,3,4,4,3,4,4,4,3,4,33,70.0,
Max Herendeen,1,Ocean,5,3,4,5,4,4,4,3,4,36,3,4,4,4,4,4,3,2,5,33,69.0,
Max Herendeen,2,Lake,4,5,3,4,3,6,3,5,4,37,4,4,4,3,4,3,5,5,4,36,73.0,
Andrew Tan,1,Lake,4,4,3,4,4,5,4,6,3,37,4,4,4,3,5,3,7,5,3,38,75.0,
Andrew Tan,2,Ocean,4,3,3,5,3,4,4,4,4,34,2,5,3,4,4,5,3,3,4,33,67.0,
Aston Lim,1,Ocean,4,4,4,5,2,4,4,4,5,36,4,5,4,3,4,3,4,4,4,35,71.0,
Aston Lim,2,Lake,5,4,3,6,4,4,4,3,4,37,4,4,3,3,4,3,4,5,4,34,71.0,
Jackson Herrington,1,Lake,4,4,3,5,3,5,3,3,3,33,4,4,5,2,4,3,5,5,4,36,69.0,
Jackson Herrington,2,Ocean,4,4,5,4,4,4,4,4,6,39,3,5,4,3,4,4,4,3,4,34,73.0,
Cohen Trolio,1,Lake,5,4,4,4,5,4,4,3,4,37,4,4,5,2,3,3,6,5,3,35,72.0,
Cohen Trolio,2,Ocean,4,3,4,5,2,6,4,3,4,35,3,5,4,4,5,3,4,3,4,35,70.0,
Nathan Piatt,1,Lake,5,4,4,5,4,4,3,2,4,35,3,4,4,4,7,4,5,5,4,40,75.0,
Nathan Piatt,2,Ocean,5,3,5,4,3,4,4,4,4,36,3,4,4,4,5,3,5,3,5,36,72.0,
Omar Tejeira,1,Lake,4,5,4,5,4,5,3,5,4,39,4,5,4,3,4,4,6,6,3,39,78.0,
Omar Tejeira,2,Ocean,4,3,5,4,3,4,4,4,5,36,2,5,4,4,4,5,4,3,4,35,71.0,
Hunter Swanson,1,Lake,6,5,4,4,4,4,4,3,4,38,4,5,5,3,4,3,5,4,4,37,75.0,
Hunter Swanson,2,Ocean,5,3,4,5,3,4,7,3,4,38,3,4,5,4,4,5,4,3,6,38,76.0,
Preston Stout,1,Ocean,4,4,4,4,3,3,4,5,3,34,3,4,4,3,4,5,4,3,3,33,67.0,
Preston Stout,2,Lake,4,4,3,4,4,4,3,3,3,32,4,4,5,2,4,2,4,4,4,33,65.0,
Tommy Morrison,1,Ocean,4,3,4,5,2,4,3,4,3,32,2,5,4,4,4,4,4,3,4,34,66.0,
Tommy Morrison,2,Lake,4,3,3,4,5,4,4,3,3,33,4,4,4,3,4,2,5,5,4,35,68.0,
Miles Russell,1,Lake,5,4,3,5,5,5,2,3,4,36,4,4,4,3,4,3,4,4,4,34,70.0,
Miles Russell,2,Ocean,4,4,4,4,3,3,4,3,3,32,3,5,5,4,3,4,4,2,4,34,66.0,
Logan Reilly,1,Ocean,4,3,4,4,3,5,3,3,4,33,4,6,5,3,3,4,4,2,3,34,67.0,
Logan Reilly,2,Lake,5,3,4,5,4,4,3,4,3,35,5,3,4,3,4,3,5,4,4,35,70.0,
Nate Smith,1,Lake,5,4,3,4,4,4,3,3,4,34,4,4,3,4,4,3,4,4,5,35,69.0,
Nate Smith,2,Ocean,4,3,3,4,3,4,4,4,4,33,2,5,5,4,4,4,4,3,5,36,69.0,
Reed Greyserman,1,Lake,5,5,3,4,4,4,3,3,5,36,3,4,4,3,3,3,5,4,4,33,69.0,
Reed Greyserman,2,Ocean,4,3,4,5,3,5,4,4,3,35,3,4,4,4,4,4,4,3,4,34,69.0,
Bryan Kim,1,Lake,4,4,6,4,3,4,4,3,3,35,5,4,4,2,4,4,4,4,4,35,70.0,
Bryan Kim,2,Ocean,4,3,4,5,2,4,3,4,4,33,3,5,4,5,4,4,4,3,3,35,68.0,
Daniel Bennett,1,Ocean,5,3,4,5,3,4,4,3,3,34,3,6,4,4,4,4,4,3,3,35,69.0,
Daniel Bennett,2,Lake,5,3,3,3,4,4,5,3,5,35,4,4,4,3,4,3,5,4,4,35,70.0,
Daniel Svärd,1,Ocean,4,4,4,4,3,4,3,3,3,32,3,4,5,3,6,4,4,3,4,36,68.0,
Daniel Svärd,2,Lake,5,5,3,5,3,5,5,3,4,38,3,4,4,2,4,3,4,5,4,33,71.0,
Jase Summy,1,Lake,5,4,3,4,5,3,4,2,4,34,4,4,4,3,4,3,5,5,4,36,70.0,
Jase Summy,2,Ocean,5,3,4,4,3,5,3,3,3,33,4,5,4,4,4,4,4,3,4,36,69.0,
