PLAYER,POS,POS_RANK,IS_TIED,CTRY,TO_PAR,MADE_CUT,CUT_MARGIN,ROUND_1_COURSE,ROUND_1_SCORE,ROUND_1_TO_PAR,ROUND_2_COURSE,ROUND_2_START,ROUND_2_SCORE,ROUND_2_TO_PAR,TOTAL_SCORE,COURSE_SEQUENCE,R1_HOLE_1,R1_HOLE_2,R1_HOLE_3,R1_HOLE_4,R1_HOLE_5,R1_HOLE_6,R1_HOLE_7,R1_HOLE_8,R1_HOLE_9,R1_HOLE_10,R1_HOLE_11,R1_HOLE_12,R1_HOLE_13,R1_HOLE_14,R1_HOLE_15,R1_HOLE_16,R1_HOLE_17,R1_HOLE_18,R1_OUT,R1_IN,R2_HOLE_1,R2_HOLE_2,R2_HOLE_3,R2_HOLE_4,R2_HOLE_5,R2_HOLE_6,R2_HOLE_7,R2_HOLE_8,R2_HOLE_9,R2_HOLE_10,R2_HOLE_11,R2_HOLE_12,R2_HOLE_13,R2_HOLE_14,R2_HOLE_15,R2_HOLE_16,R2_HOLE_17,R2_HOLE_18,R2_OUT,R2_IN,R1_EAGLES,R1_BIRDIES,R1_PARS,R1_BOGEYS,R1_DOUBLES_PLUS,R2_EAGLES,R2_BIRDIES,R2_PARS,R2_BOGEYS,R2_DOUBLES_PLUS,BEST_NINE_SCORE,BEST_NINE_LABEL,ROUND_DIFFERENTIAL,IMPROVED_R2,SCORING_AVERAGE,CONSISTENCY_SCORE,LAKE_SCORE,OCEAN_SCORE,COURSE_DIFFERENTIAL,R1_FRONT_VS_BACK,R2_FRONT_VS_BACK,STARTED_HOT,FINISHED_STRONG,MOMENTUM_SCORE,R1_RANK,R2_RANK,RANK_CHANGE,PERCENTILE,HAS_COMPLETE_HOLES,MISSING_HOLES_COUNT
Preston Stout,1,1,False,United States of America,-8,True,63,Ocean,67,-3,Lake,Front,65,-5,132,Ocean→Lake,4,4,4,4,3,3,4,5,3,3,4,4,3,4,5,4,3,3,34,33,4,4,3,4,4,4,3,3,3,4,4,5,2,4,2,4,4,4,32,33,0.0,6.0,9.0,3.0,0.0,0.0,6.0,11.0,1.0,0.0,32,R2 Front,-2,True,66.0,2,65,67,-2,1,-1,False,False,0.4,,1,,0.3205128205128205,True,0
Tommy Morrison,2,2,False,United States of America,-6,True,62,Ocean,66,-4,Lake,Front,68,-2,134,Ocean→Lake,4,3,4,5,2,4,3,4,3,2,5,4,4,4,4,4,3,4,32,34,4,3,3,4,5,4,4,3,3,4,4,4,3,4,2,5,5,4,33,35,0.0,4.0,14.0,0.0,0.0,0.0,3.0,14.0,1.0,0.0,32,R1 Front,2,False,67.0,2,68,66,2,-2,-2,True,False,0.6,,2,,0.641025641025641,True,0
Miles Russell,3,3,False,United States of America,-4,True,61,Lake,70,0,Ocean,Front,66,-4,136,Lake→Ocean,5,4,3,5,5,5,2,3,4,4,4,4,3,4,3,4,4,4,36,34,4,4,4,4,3,3,4,3,3,3,5,5,4,3,4,4,2,4,32,34,1.0,2.0,11.0,4.0,0.0,0.0,6.0,10.0,2.0,0.0,32,R2 Front,-4,True,68.0,4,70,66,4,2,-2,False,False,0.8,,3,,0.9615384615384616,True,0
Logan Reilly,4,4,False,United States of America,-3,True,60,Ocean,67,-3,Lake,Back,70,0,137,Ocean→Lake,4,3,4,4,3,5,3,3,4,4,6,5,3,3,4,4,2,3,33,34,5,3,4,5,4,4,3,4,3,5,3,4,3,4,3,5,4,4,35,35,0.0,7.0,7.0,4.0,0.0,0.0,5.0,8.0,5.0,0.0,33,R1 Front,3,False,68.5,3,70,67,3,-1,0,True,False,0.4,,4,,1.282051282051282,True,0
Nate Smith,T5,5,True,United States of America,-2,True,59,Lake,69,-1,Ocean,Front,69,-1,138,Lake→Ocean,5,4,3,4,4,4,3,3,4,4,4,3,4,4,3,4,4,5,34,35,4,3,3,4,3,4,4,4,4,2,5,5,4,4,4,4,3,5,33,36,0.0,4.0,11.0,3.0,0.0,0.0,3.0,13.0,2.0,0.0,33,R2 Front,0,False,69.0,0,69,69,0,-1,-3,True,False,1.0,,5,,1.6025641025641024,True,0
Reed Greyserman,T5,5,True,United States of America,-2,True,59,Lake,69,-1,Ocean,Back,69,-1,138,Lake→Ocean,5,5,3,4,4,4,3,3,5,3,4,4,3,3,3,5,4,4,36,33,4,3,4,5,3,5,4,4,3,3,4,4,4,4,4,4,3,4,35,34,0.0,4.0,11.0,3.0,0.0,0.0,2.0,15.0,1.0,0.0,33,R1 Back,0,False,69.0,0,69,69,0,3,1,False,True,1.0,,5,,1.6025641025641024,True,0
Bryan Kim,T5,5,True,United States of America,-2,True,59,Lake,70,0,Ocean,Back,68,-2,138,Lake→Ocean,4,4,6,4,3,4,4,3,3,5,4,4,2,4,4,4,4,4,35,35,4,3,4,5,2,4,3,4,4,3,5,4,5,4,4,4,3,3,33,35,0.0,5.0,10.0,2.0,1.0,0.0,3.0,14.0,1.0,0.0,33,R2 Front,-2,True,69.0,2,70,68,2,0,-2,False,False,0.4,,5,,1.6025641025641024,True,0
Daniel Bennett,T8,8,True,South Africa,-1,True,56,Ocean,69,-1,Lake,Front,70,0,139,Ocean→Lake,5,3,4,5,3,4,4,3,3,3,6,4,4,4,4,4,3,3,34,35,5,3,3,3,4,4,5,3,5,4,4,4,3,4,3,5,4,4,35,35,0.0,3.0,13.0,2.0,0.0,0.0,3.0,12.0,3.0,0.0,34,R1 Front,1,False,69.5,1,70,69,1,-1,0,True,False,0.8,,8,,2.564102564102564,True,0
Daniel Svärd,T8,8,True,Sweden,-1,True,56,Ocean,68,-2,Lake,Front,71,1,139,Ocean→Lake,4,4,4,4,3,4,3,3,3,3,4,5,3,6,4,4,3,4,32,36,5,5,3,5,3,5,5,3,4,3,4,4,2,4,3,4,5,4,38,33,0.0,6.0,9.0,2.0,1.0,0.0,4.0,9.0,5.0,0.0,32,R1 Front,3,False,69.5,3,71,68,3,-4,5,True,True,1.4,,8,,2.564102564102564,True,0
Jase Summy,T8,8,True,United States of America,-1,True,56,Lake,70,0,Ocean,Back,69,-1,139,Lake→Ocean,5,4,3,4,5,3,4,2,4,4,4,4,3,4,3,5,5,4,34,36,5,3,4,4,3,5,3,3,3,4,5,4,4,4,4,4,3,4,33,36,0.0,2.0,14.0,2.0,0.0,0.0,4.0,11.0,3.0,0.0,33,R2 Front,-1,True,69.5,1,70,69,1,-2,-3,True,False,1.2,,8,,2.564102564102564,True,0
Garrett Risner,T8,8,True,United States of America,-1,True,56,Lake,71,1,Ocean,Back,68,-2,139,Lake→Ocean,4,4,3,4,4,4,5,2,5,5,4,4,3,3,3,5,5,4,35,36,4,4,4,4,3,4,3,3,4,3,4,3,4,4,4,4,4,5,33,35,0.0,2.0,13.0,3.0,0.0,0.0,5.0,10.0,3.0,0.0,33,R2 Front,-3,True,69.5,3,71,68,3,-1,-2,True,False,1.6,,8,,2.564102564102564,True,0
Eric Lee,T8,8,True,United States of America,-1,True,56,Ocean,68,-2,Lake,Back,71,1,139,Ocean→Lake,4,3,5,5,3,3,3,3,4,3,5,4,4,4,4,5,2,4,33,35,4,5,3,4,5,4,3,4,4,4,5,4,3,3,3,5,4,4,36,35,0.0,4.0,12.0,2.0,0.0,0.0,3.0,11.0,4.0,0.0,33,R1 Front,3,False,69.5,3,71,68,3,-2,1,True,True,1.4,,8,,2.564102564102564,True,0
Jackson Koivun,T8,8,True,United States of America,-1,True,56,Ocean,68,-2,Lake,Back,71,1,139,Ocean→Lake,4,4,4,4,3,3,4,4,4,2,5,4,3,5,4,4,3,4,34,34,5,4,3,4,5,4,3,3,4,4,4,5,3,3,3,5,4,5,35,36,0.0,4.0,12.0,2.0,0.0,0.0,3.0,11.0,4.0,0.0,34,R1 Front,3,False,69.5,3,71,68,3,0,-1,False,False,-0.6,,8,,2.564102564102564,True,0
Charlie Forster,T8,8,True,England,-1,True,56,Ocean,66,-4,Lake,Front,73,3,139,Ocean→Lake,4,3,4,5,2,3,4,3,3,3,4,4,3,4,4,4,3,6,31,35,4,4,4,7,5,4,3,3,3,4,5,4,5,4,1,4,5,4,37,36,0.0,6.0,11.0,0.0,1.0,1.0,3.0,9.0,3.0,2.0,31,R1 Front,7,False,69.5,7,73,66,7,-4,1,True,True,0.6000000000000001,,8,,2.564102564102564,True,0
William Sides,T8,8,True,United States of America,-1,True,56,Ocean,71,1,Lake,Front,68,-2,139,Ocean→Lake,4,3,5,5,2,3,4,4,4,3,5,4,4,5,3,5,3,5,34,37,4,4,4,4,4,3,3,4,5,3,4,4,2,4,3,5,4,4,35,33,0.0,3.0,11.0,4.0,0.0,0.0,5.0,10.0,3.0,0.0,33,R2 Back,-3,True,69.5,3,68,71,-3,-3,2,True,True,2.6,,8,,2.564102564102564,True,0
Andrew Bailey,T16,16,True,United States of America,E,True,48,Ocean,72,2,Lake,Back,68,-2,140,Ocean→Lake,5,3,4,4,3,6,5,4,4,3,5,3,4,4,4,4,3,4,38,34,4,4,3,4,3,4,4,2,3,4,4,5,2,4,3,5,5,5,31,37,0.0,2.0,13.0,2.0,1.0,0.0,4.0,12.0,2.0,0.0,31,R2 Front,-4,True,70.0,4,68,72,-4,4,-6,False,False,0.8,,16,,5.128205128205128,True,0
Arni Sveinsson,T16,16,True,Iceland,E,True,48,Ocean,68,-2,Lake,Front,72,2,140,Ocean→Lake,4,4,3,4,3,4,4,4,4,3,5,4,3,4,4,4,3,4,34,34,5,4,4,4,3,4,4,3,4,4,6,4,3,4,3,5,4,4,35,37,0.0,3.0,14.0,1.0,0.0,0.0,2.0,13.0,2.0,1.0,34,R1 Front,4,False,70.0,4,72,68,4,0,-2,False,False,-0.8,,16,,5.128205128205128,True,0
Christiaan Maas,T16,16,True,South Africa,E,True,48,Lake,69,-1,Ocean,Back,71,1,140,Lake→Ocean,4,4,3,4,5,4,5,2,3,4,4,4,3,4,3,5,4,4,34,35,4,4,5,5,2,4,3,4,4,3,5,4,4,5,4,4,3,4,35,36,0.0,3.0,13.0,2.0,0.0,0.0,2.0,13.0,3.0,0.0,34,R1 Front,2,False,70.0,2,69,71,-2,-1,-1,True,False,0.6,,16,,5.128205128205128,True,0
Mahanth Chirravuri,T16,16,True,United States of America,E,True,48,Ocean,73,3,Lake,Front,67,-3,140,Ocean→Lake,5,2,3,4,4,4,4,4,4,4,7,6,3,3,4,4,4,4,34,39,4,4,3,4,5,4,4,2,4,4,4,4,3,3,3,4,4,4,34,33,0.0,5.0,7.0,4.0,2.0,0.0,4.0,13.0,1.0,0.0,33,R2 Back,-6,True,70.0,6,67,73,-6,-5,1,True,True,3.2,,16,,5.128205128205128,True,0
Frankie Harris,T16,16,True,United States of America,E,True,48,Lake,72,2,Ocean,Front,68,-2,140,Lake→Ocean,4,4,3,4,5,4,5,3,4,3,6,4,3,4,3,5,3,5,36,36,7,2,3,4,3,3,4,3,4,3,5,3,4,4,4,4,3,5,33,35,1.0,1.0,12.0,3.0,1.0,0.0,6.0,10.0,1.0,1.0,33,R2 Front,-4,True,70.0,4,72,68,4,0,-2,False,False,0.8,,16,,5.128205128205128,True,0
Luke Poulter,T16,16,True,England,E,True,48,Ocean,70,0,Lake,Front,70,0,140,Ocean→Lake,4,4,4,4,3,4,3,5,4,4,5,4,4,5,3,4,3,3,35,35,4,5,3,3,4,4,3,4,4,4,4,4,3,6,3,4,4,4,34,36,0.0,4.0,10.0,4.0,0.0,0.0,4.0,11.0,2.0,1.0,34,R2 Front,0,False,70.0,0,70,70,0,0,-2,False,False,0.0,,16,,5.128205128205128,True,0
Davis Johnson,T16,16,True,United States of America,E,True,48,Lake,68,-2,Ocean,Back,72,2,140,Lake→Ocean,5,4,3,4,3,4,4,4,4,3,4,4,3,4,3,4,5,3,35,33,7,3,4,4,3,4,4,4,4,3,5,3,5,4,4,4,3,4,37,35,0.0,4.0,12.0,2.0,0.0,0.0,2.0,14.0,1.0,1.0,33,R1 Back,4,False,70.0,4,68,72,-4,2,2,False,True,0.19999999999999996,,16,,5.128205128205128,True,0
Billy Davis,T23,23,True,United States of America,+1,True,41,Ocean,69,-1,Lake,Back,72,2,141,Ocean→Lake,4,3,4,5,3,4,4,4,4,3,4,5,4,4,3,4,3,4,35,34,5,5,4,5,4,4,4,3,3,4,3,4,3,4,4,4,4,5,37,35,0.0,2.0,15.0,1.0,0.0,0.0,4.0,8.0,6.0,0.0,34,R1 Back,3,False,70.5,3,72,69,3,1,2,False,True,0.4,,23,,7.371794871794872,True,0
John Daly II,T23,23,True,United States of America,+1,True,41,Lake,74,4,Ocean,Front,67,-3,141,Lake→Ocean,5,4,4,3,3,5,4,4,4,5,4,4,5,3,3,5,4,5,36,38,4,4,4,4,3,3,4,4,4,3,4,4,3,4,5,4,3,3,34,33,0.0,4.0,7.0,6.0,1.0,0.0,5.0,11.0,2.0,0.0,33,R2 Back,-7,True,70.5,7,74,67,7,-2,1,True,True,3.4,,23,,7.371794871794872,True,0
Clark Van Gaalen,T23,23,True,United States of America,+1,True,41,Ocean,71,1,Lake,Back,70,0,141,Ocean→Lake,5,3,4,4,3,4,8,4,4,2,4,4,3,4,5,4,3,3,39,32,4,5,3,4,6,4,4,3,3,4,4,3,3,3,2,5,5,5,36,34,0.0,5.0,10.0,2.0,1.0,0.0,4.0,11.0,2.0,1.0,32,R1 Back,-1,True,70.5,1,70,71,-1,7,2,False,True,1.2,,23,,7.371794871794872,True,0
Parker Claxton,T23,23,True,United States of America,+1,True,41,Lake,72,2,Ocean,Back,69,-1,141,Lake→Ocean,5,4,3,4,5,5,3,4,3,4,4,5,3,4,2,6,4,4,36,36,5,3,4,5,4,3,4,4,3,3,4,4,4,4,4,5,2,4,35,34,0.0,4.0,8.0,6.0,0.0,0.0,4.0,11.0,3.0,0.0,34,R2 Back,-3,True,70.5,3,72,69,3,0,1,False,True,1.6,,23,,7.371794871794872,True,0
David Liechty,T23,23,True,United States of America,+1,True,41,Lake,72,2,Ocean,Front,69,-1,141,Lake→Ocean,6,5,3,4,4,4,4,3,4,3,5,5,3,3,3,5,4,4,37,35,5,4,4,4,2,3,4,6,4,3,5,4,3,4,4,4,2,4,36,33,0.0,3.0,11.0,3.0,1.0,0.0,5.0,10.0,2.0,1.0,33,R2 Back,-3,True,70.5,3,72,69,3,2,3,False,True,1.6,,23,,7.371794871794872,True,0
Chase Nevins,T23,23,True,United States of America,+1,True,41,Lake,71,1,Ocean,Front,70,0,141,Lake→Ocean,4,4,3,4,5,4,5,3,3,5,4,5,3,4,3,5,4,3,35,36,4,4,3,5,3,4,4,4,4,4,5,4,3,4,3,4,3,5,35,35,0.0,3.0,11.0,4.0,0.0,0.0,3.0,12.0,3.0,0.0,35,R1 Front,-1,True,70.5,1,71,70,1,-1,0,True,False,1.2,,23,,7.371794871794872,True,0
Tom Fischer,T23,23,True,United States of America,+1,True,41,Ocean,71,1,Lake,Front,70,0,141,Ocean→Lake,3,3,4,4,3,4,5,5,4,3,5,4,4,4,5,4,3,4,35,36,4,4,3,4,4,4,3,2,5,4,5,4,3,4,3,5,5,4,33,37,0.0,2.0,13.0,3.0,0.0,0.0,2.0,14.0,2.0,0.0,33,R2 Front,-1,True,70.5,1,70,71,-1,-1,-4,True,False,1.2,,23,,7.371794871794872,True,0
Nate Gahman,T23,23,True,United States of America,+1,True,41,Ocean,71,1,Lake,Front,70,0,141,Ocean→Lake,5,2,5,5,3,5,4,4,4,3,4,4,5,4,3,4,3,4,37,34,4,4,3,4,3,3,4,4,3,4,4,5,4,4,3,5,4,5,32,38,0.0,3.0,11.0,4.0,0.0,0.0,4.0,10.0,4.0,0.0,32,R2 Front,-1,True,70.5,1,70,71,-1,3,-6,False,False,0.2,,23,,7.371794871794872,True,0
Tyler Weaver,T23,23,True,England,+1,True,41,Lake,71,1,Ocean,Back,70,0,141,Lake→Ocean,5,5,2,5,4,4,3,3,4,4,4,4,3,4,3,5,4,5,35,36,5,3,4,3,3,4,4,4,5,3,5,4,4,4,5,3,3,4,35,35,0.0,3.0,11.0,4.0,0.0,1.0,1.0,13.0,3.0,0.0,35,R1 Front,-1,True,70.5,1,71,70,1,-1,0,True,False,1.2,,23,,7.371794871794872,True,0
Pongsapak Laopakdee,T23,23,True,Thailand,+1,True,41,Ocean,70,0,Lake,Front,71,1,141,Ocean→Lake,3,3,4,5,3,4,4,3,4,4,5,4,4,4,4,4,4,4,33,37,4,4,3,4,5,3,4,3,4,4,4,4,3,4,3,5,6,4,34,37,0.0,2.0,14.0,2.0,0.0,0.0,1.0,15.0,2.0,0.0,33,R1 Front,1,False,70.5,1,71,70,1,-4,-3,True,False,0.8,,23,,7.371794871794872,True,0
Josh Duangmanee,T33,33,True,United States of America,+2,True,31,Lake,73,3,Ocean,Front,69,-1,142,Lake→Ocean,5,4,3,4,5,5,3,3,4,5,4,4,3,3,3,5,5,5,36,37,4,5,4,4,3,4,3,4,4,4,5,4,4,3,4,4,2,4,35,34,0.0,2.0,11.0,5.0,0.0,0.0,4.0,12.0,1.0,1.0,34,R2 Back,-4,True,71.0,4,73,69,4,-1,1,True,True,2.8,,33,,10.576923076923077,True,0
Wolfgang Glawe,T33,33,True,Germany,+2,True,31,Lake,72,2,Ocean,Front,70,0,142,Lake→Ocean,4,4,3,5,5,4,4,3,4,4,4,4,3,4,3,5,5,4,36,36,5,4,3,5,3,4,4,4,4,3,4,5,4,4,4,4,3,3,36,34,0.0,0.0,16.0,2.0,0.0,0.0,3.0,12.0,3.0,0.0,34,R2 Back,-2,True,71.0,2,72,70,2,0,2,False,True,1.4,,33,,10.576923076923077,True,0
William Jennings,T33,33,True,United States of America,+2,True,31,Ocean,70,0,Lake,Back,72,2,142,Ocean→Lake,4,3,4,4,3,3,4,3,4,3,6,4,5,5,4,5,2,4,32,38,5,4,4,5,5,4,4,4,3,4,4,4,2,3,3,5,4,5,38,34,0.0,4.0,10.0,4.0,0.0,0.0,4.0,8.0,6.0,0.0,32,R1 Front,2,False,71.0,2,72,70,2,-6,4,True,True,1.6,,33,,10.576923076923077,True,0
Cameron Tankersley,T33,33,True,United States of America,+2,True,31,Lake,69,-1,Ocean,Front,73,3,142,Lake→Ocean,5,4,4,4,3,3,5,3,4,4,4,5,3,3,3,4,5,3,35,34,5,3,5,5,2,6,4,4,4,3,5,4,3,4,5,4,3,4,38,35,0.0,5.0,9.0,4.0,0.0,0.0,2.0,12.0,3.0,1.0,34,R1 Back,4,False,71.0,4,69,73,-4,1,3,False,True,0.19999999999999996,,33,,10.576923076923077,True,0
Rintaro Nakano,T33,33,True,Japan,+2,True,31,Lake,75,5,Ocean,Back,67,-3,142,Lake→Ocean,5,5,3,5,4,4,5,4,4,4,4,4,3,4,3,5,5,4,39,36,4,3,4,5,3,4,3,4,4,3,5,4,3,3,4,4,3,4,34,33,0.0,0.0,13.0,5.0,0.0,0.0,3.0,15.0,0.0,0.0,33,R2 Back,-8,True,71.0,8,75,67,8,3,1,False,True,2.6,,33,,10.576923076923077,True,0
Connor Graham,T33,33,True,Scotland,+2,True,31,Lake,72,2,Ocean,Front,70,0,142,Lake→Ocean,5,4,2,4,4,4,4,4,5,3,4,4,4,4,3,6,5,3,36,36,4,4,5,4,4,5,4,4,3,3,4,4,3,4,4,4,3,4,37,33,0.0,3.0,10.0,5.0,0.0,0.0,4.0,10.0,4.0,0.0,33,R2 Back,-2,True,71.0,2,72,70,2,0,4,False,True,1.4,,33,,10.576923076923077,True,0
Max Herendeen,T33,33,True,United States of America,+2,True,31,Ocean,69,-1,Lake,Front,73,3,142,Ocean→Lake,5,3,4,5,4,4,4,3,4,3,4,4,4,4,4,3,2,5,36,33,4,5,3,4,3,6,3,5,4,4,4,4,3,4,3,5,5,4,37,36,0.0,4.0,11.0,3.0,0.0,0.0,2.0,13.0,1.0,2.0,33,R1 Back,4,False,71.0,4,73,69,4,3,1,False,True,0.19999999999999996,,33,,10.576923076923077,True,0
Andrew Tan,T33,33,True,United States of America,+2,True,31,Lake,75,5,Ocean,Front,67,-3,142,Lake→Ocean,4,4,3,4,4,5,4,6,3,4,4,4,3,5,3,7,5,3,37,38,4,3,3,5,3,4,4,4,4,2,5,3,4,4,5,3,3,4,34,33,0.0,2.0,12.0,2.0,2.0,0.0,4.0,13.0,1.0,0.0,33,R2 Back,-8,True,71.0,8,75,67,8,-1,1,True,True,3.6,,33,,10.576923076923077,True,0
Aston Lim,T33,33,True,United States of America,+2,True,31,Ocean,71,1,Lake,Back,71,1,142,Ocean→Lake,4,4,4,5,2,4,4,4,5,4,5,4,3,4,3,4,4,4,36,35,5,4,3,6,4,4,4,3,4,4,4,3,3,4,3,4,5,4,37,34,0.0,3.0,11.0,4.0,0.0,0.0,2.0,14.0,1.0,1.0,34,R2 Back,0,False,71.0,0,71,71,0,1,3,False,True,1.0,,33,,10.576923076923077,True,0
Jackson Herrington,T33,33,True,United States of America,+2,True,31,Lake,69,-1,Ocean,Front,73,3,142,Lake→Ocean,4,4,3,5,3,5,3,3,3,4,4,5,2,4,3,5,5,4,33,36,4,4,5,4,4,4,4,4,6,3,5,4,3,4,4,4,3,4,39,34,0.0,4.0,11.0,3.0,0.0,0.0,2.0,12.0,3.0,1.0,33,R1 Front,4,False,71.0,4,69,73,-4,-3,5,True,True,1.2,,33,,10.576923076923077,True,0
Cohen Trolio,T33,33,True,United States of America,+2,True,31,Lake,72,2,Ocean,Front,70,0,142,Lake→Ocean,5,4,4,4,5,4,4,3,4,4,4,5,2,3,3,6,5,3,37,35,4,3,4,5,2,6,4,3,4,3,5,4,4,5,3,4,3,4,35,35,0.0,3.0,10.0,5.0,0.0,0.0,3.0,13.0,1.0,1.0,35,R1 Back,-2,True,71.0,2,72,70,2,2,0,False,False,0.4,,33,,10.576923076923077,True,0
Kolton Crawford,T33,33,True,United States of America,+2,True,31,Lake,72,2,Ocean,Back,70,0,142,Lake→Ocean,4,3,4,3,5,4,4,5,5,3,4,5,3,3,3,6,4,4,37,35,4,4,5,5,3,3,4,3,3,3,4,4,4,5,5,4,3,4,34,36,0.0,5.0,7.0,5.0,1.0,0.0,4.0,10.0,4.0,0.0,34,R2 Front,-2,True,71.0,2,72,70,2,2,-2,False,False,0.4,,33,,10.576923076923077,True,0
Ben James,T33,33,True,United States of America,+2,True,31,Ocean,72,2,Lake,Back,70,0,142,Ocean→Lake,5,3,3,5,3,4,4,3,5,3,5,4,4,4,4,5,3,5,35,37,5,4,3,4,4,5,4,2,4,4,4,5,3,3,3,7,3,3,35,35,0.0,2.0,12.0,4.0,0.0,1.0,3.0,10.0,3.0,1.0,35,R1 Front,-2,True,71.0,2,70,72,-2,-2,0,True,False,1.4,,33,,10.576923076923077,True,0
Cooper Claycomb,T33,33,True,United States of America,+2,True,31,Ocean,72,2,Lake,Front,70,0,142,Ocean→Lake,4,4,4,4,3,4,4,4,4,3,6,4,4,4,4,4,3,5,35,37,4,4,2,5,5,4,3,5,4,4,3,4,3,4,2,5,5,4,36,34,0.0,1.0,14.0,3.0,0.0,0.0,4.0,11.0,2.0,1.0,34,R2 Back,-2,True,71.0,2,70,72,-2,-2,2,True,True,2.4,,33,,10.576923076923077,True,0
Luke Colton,T33,33,True,United States of America,+2,True,31,Lake,70,0,Ocean,Back,72,2,142,Lake→Ocean,4,4,3,5,5,3,4,3,4,4,4,4,3,4,3,5,5,3,35,35,4,3,5,4,2,6,3,4,5,3,5,5,4,4,4,4,3,4,36,36,0.0,2.0,14.0,2.0,0.0,0.0,3.0,11.0,3.0,1.0,35,R1 Front,2,False,71.0,2,70,72,-2,0,0,False,False,-0.4,,33,,10.576923076923077,True,0
Ryan Voois,T48,48,True,United States of America,+3,True,16,Ocean,71,1,Lake,Back,72,2,143,Ocean→Lake,4,4,3,4,3,4,4,3,4,3,5,4,5,4,5,4,3,5,33,38,4,4,4,6,5,4,3,4,4,4,3,4,2,4,2,4,6,5,38,34,0.0,3.0,11.0,4.0,0.0,0.0,5.0,7.0,5.0,1.0,33,R1 Front,1,False,71.5,1,72,71,1,-5,4,True,True,1.8,,48,,15.384615384615385,True,0
Emil Riegger,T48,48,True,United States of America,+3,True,16,Lake,72,2,Ocean,Front,71,1,143,Lake→Ocean,5,4,3,5,5,5,3,4,4,5,4,4,3,3,3,4,3,5,38,34,5,3,4,5,4,4,4,4,4,3,5,4,3,4,4,4,3,4,37,34,1.0,3.0,7.0,7.0,0.0,0.0,1.0,15.0,2.0,0.0,34,R1 Back,-1,True,71.5,1,72,71,1,4,3,False,True,1.2,,48,,15.384615384615385,True,0
Zachary Miller,T48,48,True,United States of America,+3,True,16,Ocean,70,0,Lake,Front,73,3,143,Ocean→Lake,4,3,4,5,3,4,4,4,4,3,4,4,5,4,4,4,3,4,35,35,5,5,4,5,3,5,4,3,4,3,4,4,3,3,3,6,5,4,38,35,0.0,1.0,16.0,1.0,0.0,0.0,3.0,9.0,6.0,0.0,35,R1 Front,3,False,71.5,3,73,70,3,0,3,False,True,0.4,,48,,15.384615384615385,True,0
Payne Denman,T48,48,True,United States of America,+3,True,16,Lake,71,1,Ocean,Back,72,2,143,Lake→Ocean,6,4,4,4,4,4,5,3,3,4,3,4,3,4,2,5,5,4,37,34,4,3,3,4,3,4,4,5,6,3,6,4,4,4,4,4,3,4,36,36,0.0,3.0,12.0,2.0,1.0,0.0,2.0,13.0,2.0,1.0,34,R1 Back,1,False,71.5,1,71,72,-1,3,0,False,False,-0.2,,48,,15.384615384615385,True,0
Marek Fleming,T48,48,True,United States of America,+3,True,16,Lake,75,5,Ocean,Back,68,-2,143,Lake→Ocean,5,4,4,5,5,3,4,4,4,4,5,4,3,4,3,5,5,4,38,37,5,3,5,4,2,5,4,4,4,3,4,4,3,4,4,4,3,3,36,32,0.0,1.0,11.0,6.0,0.0,0.0,5.0,10.0,3.0,0.0,32,R2 Back,-7,True,71.5,7,75,68,7,1,4,False,True,2.4,,48,,15.384615384615385,True,0
Caleb Bond,T48,48,True,United States of America,+3,True,16,Ocean,75,5,Lake,Back,68,-2,143,Ocean→Lake,4,3,4,5,4,5,4,4,4,3,5,5,5,4,4,4,3,5,37,38,4,3,4,4,4,4,4,2,4,4,4,4,3,4,3,4,4,5,33,35,0.0,0.0,13.0,5.0,0.0,0.0,4.0,12.0,2.0,0.0,33,R2 Front,-7,True,71.5,7,68,75,-7,-1,-2,True,False,2.4,,48,,15.384615384615385,True,0
Filip Jakubcik,T48,48,True,Czechia,+3,True,16,Ocean,74,4,Lake,Front,69,-1,143,Ocean→Lake,5,4,4,4,2,4,5,4,4,3,5,5,3,5,4,4,4,5,36,38,3,4,4,5,4,4,3,3,4,5,3,4,3,4,4,5,4,3,34,35,0.0,3.0,8.0,7.0,0.0,0.0,5.0,9.0,4.0,0.0,34,R2 Front,-5,True,71.5,5,69,74,-5,-2,-1,True,False,2.0,,48,,15.384615384615385,True,0
Mason Howell,T48,48,True,United States of America,+3,True,16,Lake,70,0,Ocean,Front,73,3,143,Lake→Ocean,5,4,3,4,5,4,4,4,4,4,4,4,3,4,2,4,5,3,37,33,5,3,4,5,3,5,4,4,3,3,5,4,5,5,4,4,3,4,36,37,0.0,3.0,12.0,3.0,0.0,0.0,1.0,13.0,4.0,0.0,33,R1 Back,3,False,71.5,3,70,73,-3,4,-1,False,False,-0.6,,48,,15.384615384615385,True,0
Joshua Bai,T48,48,True,New Zealand,+3,True,16,Lake,76,6,Ocean,Back,67,-3,143,Lake→Ocean,5,4,4,5,4,5,4,4,4,4,4,5,3,4,3,5,5,4,39,37,4,3,3,5,2,4,4,4,4,3,4,4,5,4,3,3,3,5,33,34,0.0,0.0,12.0,6.0,0.0,0.0,5.0,11.0,2.0,0.0,33,R2 Front,-9,True,71.5,9,76,67,9,2,-1,False,False,1.8,,48,,15.384615384615385,True,0
Pennson Badgett,T48,48,True,United States of America,+3,True,16,Ocean,71,1,Lake,Back,72,2,143,Ocean→Lake,4,3,4,5,3,3,4,3,4,3,5,4,4,4,5,5,3,5,33,38,4,5,4,4,3,6,3,4,5,4,4,5,3,4,3,4,4,3,38,34,0.0,2.0,13.0,3.0,0.0,0.0,5.0,7.0,5.0,1.0,33,R1 Front,1,False,71.5,1,72,71,1,-5,4,True,True,1.8,,48,,15.384615384615385,True,0
Jacob Modleski,T48,48,True,United States of America,+3,True,16,Ocean,71,1,Lake,Front,72,2,143,Ocean→Lake,4,3,3,4,3,3,5,5,3,4,5,4,4,5,5,4,3,4,33,38,4,4,3,4,4,4,3,4,5,5,4,4,4,4,3,5,4,4,35,37,0.0,4.0,9.0,5.0,0.0,0.0,2.0,12.0,4.0,0.0,33,R1 Front,1,False,71.5,1,72,71,1,-5,-2,True,False,0.8,,48,,15.384615384615385,True,0
Paul Chang,T48,48,True,People's Republic Of China,+3,True,16,Lake,77,7,Ocean,Back,66,-4,143,Lake→Ocean,5,5,3,4,5,4,4,4,4,5,5,5,3,3,3,5,5,5,38,39,5,3,3,4,3,4,4,3,3,3,5,4,4,4,4,3,3,4,32,34,0.0,1.0,9.0,8.0,0.0,0.0,5.0,12.0,1.0,0.0,32,R2 Front,-11,True,71.5,11,77,66,11,-1,-2,True,False,3.2,,48,,15.384615384615385,True,0
Bowen Mauss,T48,48,True,United States of America,+3,True,16,Lake,76,6,Ocean,Back,67,-3,143,Lake→Ocean,5,5,4,4,5,4,5,3,4,4,4,5,4,4,3,4,5,4,39,37,4,3,4,5,4,5,4,3,3,2,5,3,4,3,4,4,3,4,35,32,0.0,1.0,10.0,7.0,0.0,0.0,5.0,11.0,2.0,0.0,32,R2 Back,-9,True,71.5,9,76,67,9,2,3,False,True,2.8,,48,,15.384615384615385,True,0
Ryan Downes,T48,48,True,United States of America,+3,True,16,Lake,68,-2,Ocean,Front,75,5,143,Lake→Ocean,5,4,2,5,5,4,4,3,3,4,4,4,3,3,3,4,4,4,35,33,4,3,4,5,3,5,4,4,4,3,5,4,5,4,4,4,4,6,36,39,0.0,5.0,10.0,3.0,0.0,0.0,0.0,14.0,3.0,1.0,33,R1 Back,7,False,71.5,7,68,75,-7,2,-3,False,False,-1.4,,48,,15.384615384615385,True,0
Tim Wiedemeyer,T48,48,True,Germany,+3,True,16,Lake,70,0,Ocean,Back,73,3,143,Lake→Ocean,4,4,4,5,5,5,4,3,3,4,4,4,2,4,2,5,4,4,37,33,5,4,5,5,3,4,4,3,4,3,5,5,5,4,3,4,3,4,37,36,0.0,4.0,10.0,4.0,0.0,0.0,2.0,11.0,5.0,0.0,33,R1 Back,3,False,71.5,3,70,73,-3,4,1,False,True,0.4,,48,,15.384615384615385,True,0
Brady Siravo,T48,48,True,United States of America,+3,True,16,Ocean,71,1,Lake,Back,72,2,143,Ocean→Lake,5,4,4,5,3,4,3,3,4,3,4,5,4,3,4,5,3,5,35,36,5,4,5,3,4,4,4,3,4,5,4,4,3,4,2,6,4,4,36,36,0.0,4.0,9.0,5.0,0.0,0.0,3.0,11.0,3.0,1.0,35,R1 Front,1,False,71.5,1,72,71,1,-1,0,True,False,0.8,,48,,15.384615384615385,True,0
Niall Shiels Donegan,T48,48,True,Scotland,+3,True,16,Lake,73,3,Ocean,Back,70,0,143,Lake→Ocean,4,4,3,4,5,5,5,4,4,4,3,4,3,4,3,5,5,4,38,35,5,3,4,5,3,4,4,4,3,3,5,3,5,4,4,3,4,4,35,35,0.0,1.0,13.0,4.0,0.0,0.0,3.0,12.0,3.0,0.0,35,R1 Back,-3,True,71.5,3,73,70,3,3,0,False,False,0.6,,48,,15.384615384615385,True,0
Jimmy Abdo,T48,48,True,United States of America,+3,True,16,Lake,72,2,Ocean,Back,71,1,143,Lake→Ocean,5,4,4,4,4,5,2,3,4,5,4,4,3,3,3,5,6,4,35,37,5,4,4,4,2,4,4,4,3,5,5,5,5,3,4,3,3,4,34,37,1.0,1.0,11.0,5.0,0.0,0.0,5.0,8.0,4.0,1.0,34,R2 Front,-1,True,71.5,1,72,71,1,-2,-3,True,False,1.2,,48,,15.384615384615385,True,0
Travis Woolf,T48,48,True,United States of America,+3,True,16,Ocean,70,0,Lake,Front,73,3,143,Ocean→Lake,5,4,3,4,4,5,4,3,4,2,5,4,3,4,4,4,3,5,36,34,4,4,4,5,4,5,4,3,3,5,3,4,3,4,3,7,4,4,36,37,0.0,5.0,8.0,5.0,0.0,0.0,3.0,10.0,4.0,1.0,34,R1 Back,3,False,71.5,3,73,70,3,2,-1,False,False,-0.6,,48,,15.384615384615385,True,0
Jack Bigham,T48,48,True,England,+3,True,16,Ocean,69,-1,Lake,Front,74,4,143,Ocean→Lake,4,4,4,4,3,5,4,3,3,3,6,4,3,4,4,4,3,4,34,35,6,4,4,4,5,3,4,3,4,4,5,4,4,4,2,5,5,4,37,37,0.0,4.0,11.0,3.0,0.0,0.0,2.0,11.0,4.0,1.0,34,R1 Front,5,False,71.5,5,74,69,5,-1,0,True,False,0.0,,48,,15.384615384615385,True,0
Matthew Kress,T68,68,True,United States of America,+4,False,-4,Lake,74,4,Ocean,Front,70,0,144,Lake→Ocean,5,5,4,4,3,4,3,4,4,4,5,5,2,6,4,5,3,4,36,38,4,3,4,4,3,4,4,4,4,3,4,5,4,4,4,4,4,4,34,36,1.0,3.0,6.0,7.0,1.0,0.0,2.0,14.0,2.0,0.0,34,R2 Front,-4,True,72.0,4,74,70,4,-2,-2,True,False,1.8,,68,,21.794871794871796,True,0
Ryder Cowan,T68,68,True,United States of America,+4,False,-4,Ocean,70,0,Lake,Back,74,4,144,Ocean→Lake,3,3,4,4,3,4,4,4,4,3,5,5,4,4,4,5,3,4,33,37,5,4,3,3,5,4,4,3,4,5,6,4,3,3,3,6,5,4,35,39,0.0,2.0,14.0,2.0,0.0,0.0,2.0,11.0,4.0,1.0,33,R1 Front,4,False,72.0,4,74,70,4,-4,-4,True,False,0.19999999999999996,,68,,21.794871794871796,True,0
Shaun Cook,T68,68,True,United States of America,+4,False,-4,Lake,74,4,Ocean,Back,70,0,144,Lake→Ocean,5,4,3,4,4,4,4,3,5,5,4,4,3,4,2,5,6,5,36,38,4,3,4,4,2,4,4,4,5,3,4,4,4,4,6,4,3,4,34,36,0.0,1.0,12.0,5.0,0.0,0.0,3.0,13.0,1.0,1.0,34,R2 Front,-4,True,72.0,4,74,70,4,-2,-2,True,False,1.8,,68,,21.794871794871796,True,0
Michael Lugiano,T68,68,True,United States of America,+4,False,-4,Lake,71,1,Ocean,Back,73,3,144,Lake→Ocean,5,4,4,4,4,5,3,4,4,4,4,3,3,4,3,5,4,4,37,34,4,4,5,5,3,3,5,3,3,3,7,4,4,4,4,4,3,5,35,38,0.0,3.0,11.0,4.0,0.0,0.0,3.0,10.0,4.0,1.0,34,R1 Back,2,False,72.0,2,71,73,-2,3,-3,False,False,-0.4,,68,,21.794871794871796,True,0
Josiah Hakala,T68,68,True,United States of America,+4,False,-4,Lake,72,2,Ocean,Front,72,2,144,Lake→Ocean,5,5,3,4,5,4,3,2,4,4,4,3,3,4,3,5,6,5,35,37,5,4,4,5,3,5,4,4,4,4,4,4,4,3,4,4,3,4,38,34,0.0,3.0,10.0,5.0,0.0,0.0,2.0,12.0,4.0,0.0,34,R2 Back,0,False,72.0,0,72,72,0,-2,4,True,True,2.0,,68,,21.794871794871796,True,0
Parker Sands,T68,68,True,United States of America,+4,False,-4,Lake,74,4,Ocean,Front,70,0,144,Lake→Ocean,4,4,4,4,5,4,4,3,4,5,5,5,4,4,3,5,4,3,36,38,4,3,2,5,2,4,4,4,4,4,5,4,5,4,5,4,2,5,32,38,0.0,2.0,10.0,6.0,0.0,1.0,2.0,11.0,4.0,0.0,32,R2 Front,-4,True,72.0,4,74,70,4,-2,-6,True,False,1.8,,68,,21.794871794871796,True,0
Evan Beck,T68,68,True,United States of America,+4,False,-4,Ocean,71,1,Lake,Back,73,3,144,Ocean→Lake,4,4,4,5,2,5,3,4,4,3,5,4,4,5,3,5,3,4,35,36,6,4,3,4,6,5,4,5,4,4,3,3,3,4,3,4,3,5,41,32,0.0,3.0,11.0,4.0,0.0,1.0,3.0,9.0,2.0,3.0,32,R2 Back,2,False,72.0,2,73,71,2,-1,9,True,True,1.6,,68,,21.794871794871796,True,0
Tyler Loree,T68,68,True,United States of America,+4,False,-4,Ocean,73,3,Lake,Back,71,1,144,Ocean→Lake,5,3,4,4,2,4,6,4,4,3,5,4,4,5,4,4,3,5,36,37,5,3,4,4,5,5,4,3,3,5,4,4,3,4,3,5,4,3,36,35,0.0,2.0,12.0,3.0,1.0,0.0,4.0,9.0,5.0,0.0,35,R2 Back,-2,True,72.0,2,71,73,-2,-1,1,True,True,2.4,,68,,21.794871794871796,True,0
Wheaton Ennis,T68,68,True,United States of America,+4,False,-4,Lake,72,2,Ocean,Back,72,2,144,Lake→Ocean,5,3,3,4,5,5,4,4,3,4,4,4,4,4,3,5,4,4,36,36,4,4,4,5,2,4,4,4,4,2,5,6,4,5,4,4,3,4,35,37,0.0,3.0,10.0,5.0,0.0,0.0,2.0,13.0,2.0,1.0,35,R2 Front,0,False,72.0,0,72,72,0,0,-2,False,False,0.0,,68,,21.794871794871796,True,0
Zackary Swanwick,T68,68,True,New Zealand,+4,False,-4,Ocean,75,5,Lake,Front,69,-1,144,Ocean→Lake,4,5,5,4,3,4,4,4,4,3,5,4,4,5,5,4,3,5,37,38,4,3,4,4,4,4,4,3,3,4,4,4,3,4,4,5,4,4,33,36,0.0,1.0,12.0,4.0,1.0,0.0,3.0,13.0,2.0,0.0,33,R2 Front,-6,True,72.0,6,69,75,-6,-1,-3,True,False,2.2,,68,,21.794871794871796,True,0
Greyson Leach,T68,68,True,United States of America,+4,False,-4,Lake,73,3,Ocean,Front,71,1,144,Lake→Ocean,4,5,3,4,4,5,4,4,4,4,4,4,3,4,4,6,4,3,37,36,4,3,4,5,3,4,4,3,4,3,5,4,4,4,5,4,4,4,34,37,0.0,2.0,11.0,5.0,0.0,0.0,1.0,15.0,2.0,0.0,34,R2 Front,-2,True,72.0,2,73,71,2,1,-3,False,False,0.4,,68,,21.794871794871796,True,0
Adam Anderson,T68,68,True,United States of America,+4,False,-4,Ocean,75,5,Lake,Back,69,-1,144,Ocean→Lake,6,4,5,5,3,5,4,5,4,3,4,4,3,4,6,4,2,4,41,34,4,4,3,4,4,4,4,3,4,4,5,5,3,3,2,6,3,4,34,35,0.0,3.0,9.0,4.0,2.0,1.0,2.0,12.0,3.0,0.0,34,R1 Back,-6,True,72.0,6,69,75,-6,7,-1,False,False,1.2,,68,,21.794871794871796,True,0
Will Hartman,T68,68,True,United States of America,+4,False,-4,Lake,71,1,Ocean,Front,73,3,144,Lake→Ocean,4,4,3,4,5,4,5,4,3,4,4,4,2,5,2,4,4,6,36,35,5,3,3,7,3,4,4,4,4,3,5,4,6,4,4,2,4,4,37,36,0.0,5.0,8.0,4.0,1.0,1.0,1.0,12.0,2.0,2.0,35,R1 Back,2,False,72.0,2,71,73,-2,1,1,False,True,0.6,,68,,21.794871794871796,True,0
Carlos Astiazaran,T68,68,True,United States of America,+4,False,-4,Lake,73,3,Ocean,Front,71,1,144,Lake→Ocean,4,4,3,4,5,4,4,3,4,4,5,4,2,5,3,5,5,5,35,38,4,4,4,4,3,3,4,4,4,3,5,4,4,5,4,5,3,4,34,37,0.0,1.0,13.0,4.0,0.0,0.0,2.0,13.0,3.0,0.0,34,R2 Front,-2,True,72.0,2,73,71,2,-3,-3,True,False,1.4,,68,,21.794871794871796,True,0
Josiah Gilbert,T68,68,True,United States of America,+4,False,-4,Lake,72,2,Ocean,Back,72,2,144,Lake→Ocean,5,3,2,5,5,3,4,3,5,3,4,4,3,5,3,5,5,5,35,37,6,4,3,5,3,3,4,4,4,3,5,4,4,3,5,4,3,5,36,36,0.0,4.0,8.0,6.0,0.0,0.0,3.0,11.0,3.0,1.0,35,R1 Front,0,False,72.0,0,72,72,0,-2,0,True,False,1.0,,68,,21.794871794871796,True,0
Michael Riebe,T68,68,True,United States of America,+4,False,-4,Ocean,72,2,Lake,Front,72,2,144,Ocean→Lake,4,3,4,5,3,4,4,6,4,3,5,4,5,4,4,4,2,4,37,35,5,4,4,4,4,5,2,4,4,4,4,3,3,4,3,5,6,4,36,36,0.0,1.0,15.0,1.0,1.0,1.0,1.0,11.0,5.0,0.0,35,R1 Back,0,False,72.0,0,72,72,0,2,0,False,False,0.0,,68,,21.794871794871796,True,0
Matthew McClean,T68,68,True,Northern Ireland,+4,False,-4,Lake,74,4,Ocean,Back,70,0,144,Lake→Ocean,5,4,3,4,5,5,5,3,3,3,5,5,4,4,2,4,6,4,37,37,5,3,4,5,3,4,4,3,4,3,5,4,4,5,3,4,4,3,35,35,0.0,4.0,6.0,8.0,0.0,0.0,3.0,12.0,3.0,0.0,35,R2 Front,-4,True,72.0,4,74,70,4,0,0,False,False,0.8,,68,,21.794871794871796,True,0
Avinash Iyer,T68,68,True,United States of America,+4,False,-4,Ocean,71,1,Lake,Front,73,3,144,Ocean→Lake,5,3,4,5,3,6,3,4,4,4,5,4,4,3,4,4,2,4,37,34,4,4,4,5,5,4,3,4,4,4,5,3,3,4,3,6,4,4,37,36,0.0,3.0,12.0,2.0,1.0,0.0,3.0,9.0,6.0,0.0,34,R1 Back,2,False,72.0,2,73,71,2,3,1,False,True,0.6,,68,,21.794871794871796,True,0
Ryan Terry,T86,86,True,United States of America,+5,False,-22,Lake,73,3,Ocean,Front,72,2,145,Lake→Ocean,4,4,5,4,3,4,4,4,4,5,4,5,3,3,3,5,5,4,36,37,5,4,4,4,2,4,4,3,5,4,4,4,4,4,4,4,3,6,35,37,0.0,2.0,12.0,3.0,1.0,0.0,4.0,9.0,4.0,1.0,35,R2 Front,-1,True,72.5,1,73,72,1,-1,-2,True,False,1.2,,86,,27.564102564102566,True,0
Matt Vogt,T86,86,True,United States of America,+5,False,-22,Lake,70,0,Ocean,Back,75,5,145,Lake→Ocean,5,3,3,5,4,5,3,3,3,4,3,4,3,5,3,5,5,4,34,36,4,4,4,5,3,4,4,5,4,4,4,5,4,5,4,4,4,4,37,38,0.0,4.0,10.0,4.0,0.0,0.0,1.0,11.0,6.0,0.0,34,R1 Front,5,False,72.5,5,70,75,-5,-2,-1,True,False,0.0,,86,,27.564102564102566,True,0
Luke Potter,T86,86,True,United States of America,+5,False,-22,Ocean,72,2,Lake,Back,73,3,145,Ocean→Lake,4,3,5,5,2,6,4,3,3,3,5,4,4,4,5,5,3,4,35,37,5,5,3,4,4,4,5,4,4,4,5,4,3,4,3,4,4,4,38,35,0.0,3.0,11.0,3.0,1.0,0.0,2.0,11.0,5.0,0.0,35,R1 Front,1,False,72.5,1,73,72,1,-2,3,True,True,1.8,,86,,27.564102564102566,True,0
Adam Friedman,T86,86,True,United States of America,+5,False,-22,Ocean,71,1,Lake,Back,74,4,145,Ocean→Lake,4,3,4,5,3,4,4,4,5,4,4,4,4,4,4,4,3,4,36,35,4,4,3,5,6,4,3,4,5,4,4,3,3,4,3,6,5,4,38,36,0.0,1.0,15.0,2.0,0.0,0.0,2.0,11.0,4.0,1.0,35,R1 Back,3,False,72.5,3,74,71,3,1,2,False,True,0.4,,86,,27.564102564102566,True,0
Declan O'Donovan,T86,86,True,Australia,+5,False,-22,Lake,72,2,Ocean,Front,73,3,145,Lake→Ocean,4,5,3,4,6,4,4,4,3,5,3,4,3,4,3,4,6,3,37,35,4,3,5,5,3,3,4,5,4,3,5,4,5,4,4,4,3,5,36,37,0.0,4.0,9.0,4.0,1.0,0.0,1.0,13.0,4.0,0.0,35,R1 Back,1,False,72.5,1,72,73,-1,2,-1,False,False,-0.2,,86,,27.564102564102566,True,0
Trevor Gutschewski,T86,86,True,United States of America,+5,False,-22,Ocean,73,3,Lake,Front,72,2,145,Ocean→Lake,6,3,4,5,3,3,4,4,4,2,5,4,4,4,3,5,4,6,36,37,5,4,3,5,4,5,3,3,4,5,4,3,4,4,3,5,4,4,36,36,0.0,3.0,11.0,2.0,2.0,0.0,3.0,10.0,5.0,0.0,36,R1 Front,-1,True,72.5,1,72,73,-1,-1,0,True,False,1.2,,86,,27.564102564102566,True,0
Matthew Comegys,T86,86,True,United States of America,+5,False,-22,Lake,72,2,Ocean,Back,73,3,145,Lake→Ocean,5,5,4,4,4,4,4,3,4,4,4,4,3,4,3,4,5,4,37,35,5,4,5,5,3,4,3,4,5,3,5,4,3,5,4,4,3,4,38,35,0.0,1.0,14.0,3.0,0.0,0.0,2.0,11.0,5.0,0.0,35,R1 Back,1,False,72.5,1,72,73,-1,2,3,False,True,0.8,,86,,27.564102564102566,True,0
Robbie Ziegler,T86,86,True,United States of America,+5,False,-22,Ocean,75,5,Lake,Front,70,0,145,Ocean→Lake,4,4,4,5,3,4,4,4,4,3,7,5,4,4,5,4,3,4,36,39,4,4,4,4,4,4,3,2,5,4,4,4,3,4,3,5,5,4,34,36,0.0,0.0,14.0,3.0,1.0,0.0,2.0,14.0,2.0,0.0,34,R2 Front,-5,True,72.5,5,70,75,-5,-3,-2,True,False,2.0,,86,,27.564102564102566,True,0
Stewart Hagestad,T86,86,True,United States of America,+5,False,-22,Lake,72,2,Ocean,Back,73,3,145,Lake→Ocean,5,6,4,4,4,3,4,4,4,4,4,5,2,4,2,5,4,4,38,34,5,4,4,4,2,4,3,4,4,4,6,5,4,4,5,4,3,4,34,39,0.0,4.0,9.0,4.0,1.0,0.0,3.0,9.0,6.0,0.0,34,R1 Back,1,False,72.5,1,72,73,-1,4,-5,False,False,-0.2,,86,,27.564102564102566,True,0
Garrett Endicott,T95,95,True,United States of America,+6,False,-31,Ocean,74,4,Lake,Back,72,2,146,Ocean→Lake,4,4,3,5,2,4,6,4,4,3,5,4,4,4,5,4,4,5,36,38,4,4,3,6,4,5,4,3,4,5,4,3,2,4,3,6,4,4,37,35,0.0,2.0,11.0,4.0,1.0,0.0,3.0,11.0,3.0,1.0,35,R2 Back,-2,True,73.0,2,72,74,-2,-2,2,True,True,2.4,,95,,30.448717948717945,True,0
Garrett Rank,T95,95,True,Canada,+6,False,-31,Ocean,72,2,Lake,Back,74,4,146,Ocean→Lake,5,3,3,6,2,5,4,3,4,3,5,4,3,5,4,5,3,5,35,37,5,4,3,4,6,6,4,3,4,4,4,4,3,4,3,4,5,4,39,35,0.0,4.0,8.0,6.0,0.0,0.0,1.0,14.0,1.0,2.0,35,R1 Front,2,False,73.0,2,74,72,2,-2,4,True,True,1.6,,95,,30.448717948717945,True,0
William King,T95,95,True,United States of America,+6,False,-31,Ocean,71,1,Lake,Front,75,5,146,Ocean→Lake,4,3,4,5,3,5,4,4,3,3,5,5,4,5,4,3,3,4,35,36,4,5,3,4,4,4,3,4,4,5,5,4,3,6,3,5,5,4,35,40,0.0,2.0,13.0,3.0,0.0,0.0,1.0,12.0,4.0,1.0,35,R1 Front,4,False,73.0,4,75,71,4,-1,-5,True,False,0.19999999999999996,,95,,30.448717948717945,True,0
Coby Carruthers,T95,95,True,Australia,+6,False,-31,Ocean,72,2,Lake,Back,74,4,146,Ocean→Lake,4,3,4,5,4,4,3,3,4,4,5,6,4,4,4,5,3,3,34,38,6,5,5,4,4,4,4,3,4,4,4,4,2,4,3,5,5,4,39,35,0.0,3.0,11.0,3.0,1.0,0.0,1.0,14.0,1.0,2.0,34,R1 Front,2,False,73.0,2,74,72,2,-4,4,True,True,1.6,,95,,30.448717948717945,True,0
Justin Biwer,T95,95,True,United States of America,+6,False,-31,Ocean,74,4,Lake,Back,72,2,146,Ocean→Lake,5,3,4,4,3,6,3,4,4,4,5,5,4,3,5,5,3,4,36,38,4,4,4,4,5,4,4,3,4,2,5,4,3,3,3,6,5,5,36,36,0.0,3.0,9.0,5.0,1.0,1.0,1.0,11.0,5.0,0.0,36,R1 Front,-2,True,73.0,2,72,74,-2,-2,0,True,False,1.4,,95,,30.448717948717945,True,0
Hamilton Coleman,T95,95,True,United States of America,+6,False,-31,Ocean,73,3,Lake,Back,73,3,146,Ocean→Lake,4,4,5,5,3,3,4,4,4,3,4,4,4,4,4,5,3,6,36,37,5,4,3,4,4,5,4,3,5,4,4,5,3,3,4,5,4,4,37,36,0.0,2.0,12.0,3.0,1.0,0.0,2.0,11.0,5.0,0.0,36,R1 Front,0,False,73.0,0,73,73,0,-1,1,True,True,2.0,,95,,30.448717948717945,True,0
Matthew Robles,T95,95,True,United States of America,+6,False,-31,Ocean,74,4,Lake,Front,72,2,146,Ocean→Lake,4,4,6,6,4,3,4,4,3,3,5,5,5,4,5,4,2,3,38,36,4,5,3,4,5,4,3,3,5,4,4,3,4,4,3,5,6,3,36,36,0.0,4.0,7.0,6.0,1.0,0.0,3.0,10.0,5.0,0.0,36,R1 Back,-2,True,73.0,2,72,74,-2,2,0,False,False,0.4,,95,,30.448717948717945,True,0
Jacob Goode,T95,95,True,United States of America,+6,False,-31,Lake,73,3,Ocean,Back,73,3,146,Lake→Ocean,4,4,5,4,5,4,4,4,4,4,4,4,4,3,3,5,4,4,38,35,5,2,4,5,4,6,5,3,4,3,5,4,5,3,4,4,2,5,38,35,0.0,2.0,12.0,3.0,1.0,0.0,4.0,8.0,5.0,1.0,35,R1 Back,0,False,73.0,0,73,73,0,3,3,False,True,1.0,,95,,30.448717948717945,True,0
Kade McDonough,T95,95,True,United States of America,+6,False,-31,Lake,76,6,Ocean,Back,70,0,146,Lake→Ocean,5,4,2,5,5,5,4,4,4,3,4,5,4,4,3,5,5,5,38,38,4,4,3,4,3,4,4,4,4,4,5,4,4,4,3,5,3,4,34,36,0.0,2.0,8.0,8.0,0.0,0.0,3.0,12.0,3.0,0.0,34,R2 Front,-6,True,73.0,6,76,70,6,0,-2,False,False,1.2,,95,,30.448717948717945,True,0
Oliver Cage,T95,95,True,England,+6,False,-31,Lake,75,5,Ocean,Back,71,1,146,Lake→Ocean,4,4,4,5,5,4,4,4,4,4,4,5,3,5,2,4,5,5,38,37,4,3,4,4,3,5,6,5,4,3,4,5,4,3,3,4,3,4,38,33,0.0,2.0,9.0,7.0,0.0,0.0,4.0,10.0,3.0,1.0,33,R2 Back,-4,True,73.0,4,75,71,4,1,5,False,True,1.8,,95,,30.448717948717945,True,0
Luke Powell,T95,95,True,United States of America,+6,False,-31,Ocean,73,3,Lake,Back,73,3,146,Ocean→Lake,4,4,4,5,2,5,4,4,4,3,5,4,4,3,5,5,3,5,36,37,5,4,4,4,5,4,3,3,3,4,5,4,3,5,3,5,4,5,35,38,0.0,2.0,11.0,5.0,0.0,0.0,3.0,9.0,6.0,0.0,35,R2 Front,0,False,73.0,0,73,73,0,-1,-3,True,False,1.0,,95,,30.448717948717945,True,0
Daniel Stringfellow,T95,95,True,United States of America,+6,False,-31,Lake,72,2,Ocean,Front,74,4,146,Lake→Ocean,4,4,3,4,4,4,4,4,4,4,4,5,3,4,3,5,4,5,35,37,6,3,4,5,2,5,5,4,3,3,5,4,4,5,4,5,3,4,37,37,0.0,1.0,14.0,3.0,0.0,0.0,2.0,11.0,4.0,1.0,35,R1 Front,2,False,73.0,2,72,74,-2,-2,0,True,False,0.6,,95,,30.448717948717945,True,0
Matthew Troutman,T95,95,True,United States of America,+6,False,-31,Ocean,71,1,Lake,Front,75,5,146,Ocean→Lake,4,3,4,5,3,4,3,3,4,4,5,4,4,4,5,4,3,5,33,38,4,5,4,4,5,4,4,3,5,4,4,4,3,5,3,5,4,5,38,37,0.0,2.0,13.0,3.0,0.0,0.0,1.0,11.0,6.0,0.0,33,R1 Front,4,False,73.0,4,75,71,4,-5,1,True,True,1.2,,95,,30.448717948717945,True,0
Anthony Delisanti,T95,95,True,United States of America,+6,False,-31,Lake,72,2,Ocean,Front,74,4,146,Lake→Ocean,4,4,4,3,4,4,3,4,4,5,5,5,4,4,3,4,5,3,34,38,5,3,4,4,4,4,4,5,4,4,5,3,5,4,3,4,2,7,37,37,0.0,4.0,8.0,6.0,0.0,0.0,4.0,8.0,5.0,1.0,34,R1 Front,2,False,73.0,2,72,74,-2,-4,0,True,False,0.6,,95,,30.448717948717945,True,0
Andrew Ramos,T95,95,True,United States of America,+6,False,-31,Ocean,73,3,Lake,Front,73,3,146,Ocean→Lake,4,4,4,5,3,5,5,4,4,3,5,3,4,3,5,4,4,4,38,35,5,4,3,4,3,5,3,3,5,4,4,4,3,4,3,6,5,5,35,38,0.0,2.0,11.0,5.0,0.0,0.0,2.0,11.0,5.0,0.0,35,R1 Back,0,False,73.0,0,73,73,0,3,-3,False,False,0.0,,95,,30.448717948717945,True,0
Eric Doyle,T95,95,True,United States of America,+6,False,-31,Lake,70,0,Ocean,Front,76,6,146,Lake→Ocean,4,4,3,4,4,4,4,4,4,3,4,4,3,4,3,5,5,4,35,35,4,3,4,5,2,4,6,4,3,3,7,4,4,5,6,4,2,6,35,41,0.0,1.0,16.0,1.0,0.0,0.0,3.0,10.0,1.0,4.0,35,R1 Front,6,False,73.0,6,70,76,-6,0,-6,False,False,-1.2,,95,,30.448717948717945,True,0
Cole Rueck,T95,95,True,United States of America,+6,False,-31,Lake,75,5,Ocean,Back,71,1,146,Lake→Ocean,5,5,3,3,5,4,4,4,4,6,5,4,3,3,3,5,5,4,37,38,5,3,4,4,3,4,4,3,4,3,5,4,5,3,5,4,3,5,34,37,0.0,2.0,10.0,5.0,1.0,0.0,3.0,11.0,4.0,0.0,34,R2 Front,-4,True,73.0,4,75,71,4,-1,-3,True,False,1.8,,95,,30.448717948717945,True,0
Billy Dowling,T95,95,True,Australia,+6,False,-31,Ocean,74,4,Lake,Front,72,2,146,Ocean→Lake,5,3,4,5,3,5,4,4,3,3,5,4,4,5,5,5,3,4,36,38,4,4,3,4,6,3,3,4,4,4,3,4,3,4,3,8,5,3,35,37,0.0,1.0,12.0,5.0,0.0,0.0,4.0,11.0,1.0,2.0,35,R2 Front,-2,True,73.0,2,72,74,-2,-2,-2,True,False,1.4,,95,,30.448717948717945,True,0
Tyler Mawhinney,T95,95,True,United States of America,+6,False,-31,Ocean,76,6,Lake,Front,70,0,146,Ocean→Lake,4,4,4,6,4,4,6,4,5,2,5,4,5,3,5,4,3,4,41,35,4,4,4,4,5,4,4,4,4,4,4,3,2,3,3,5,5,4,37,33,0.0,2.0,9.0,6.0,1.0,0.0,3.0,12.0,3.0,0.0,33,R2 Back,-6,True,73.0,6,70,76,-6,6,4,False,True,2.2,,95,,30.448717948717945,True,0
Bailey Sutter,T95,95,True,United States of America,+6,False,-31,Lake,74,4,Ocean,Back,72,2,146,Lake→Ocean,5,4,4,4,4,4,4,2,5,3,5,5,3,5,3,6,4,4,36,38,4,3,5,5,2,4,4,4,4,3,5,4,4,5,4,3,3,6,35,37,0.0,3.0,8.0,7.0,0.0,0.0,2.0,13.0,2.0,1.0,35,R2 Front,-2,True,73.0,2,74,72,2,-2,-2,True,False,1.4,,95,,30.448717948717945,True,0
Maxwell Tjoa,T115,115,True,United States of America,+7,False,-51,Ocean,74,4,Lake,Back,73,3,147,Ocean→Lake,4,4,5,4,3,4,4,4,4,3,5,4,4,5,4,5,3,5,36,38,5,4,4,5,4,4,5,3,4,4,4,5,3,3,3,5,5,3,38,35,0.0,1.0,12.0,5.0,0.0,0.0,2.0,11.0,5.0,0.0,35,R2 Back,-1,True,73.5,1,73,74,-1,-2,3,True,True,2.2,,115,,36.858974358974365,True,0
Tyler Watts,T115,115,True,United States of America,+7,False,-51,Lake,75,5,Ocean,Front,72,2,147,Lake→Ocean,5,4,4,5,5,4,6,4,4,3,4,4,3,3,3,5,5,4,41,34,4,3,4,4,3,4,4,4,5,3,5,4,4,5,4,4,4,4,35,37,0.0,2.0,10.0,5.0,1.0,0.0,1.0,14.0,3.0,0.0,34,R1 Back,-3,True,73.5,3,75,72,3,7,-2,False,False,0.6,,115,,36.858974358974365,True,0
Mike Calef,T115,115,True,United States of America,+7,False,-51,Lake,75,5,Ocean,Front,72,2,147,Lake→Ocean,5,4,4,4,5,4,4,2,4,5,5,5,3,4,3,5,5,4,36,39,5,4,4,4,3,4,5,3,3,3,5,4,4,4,5,4,3,5,35,37,0.0,1.0,11.0,6.0,0.0,0.0,3.0,10.0,5.0,0.0,35,R2 Front,-3,True,73.5,3,75,72,3,-3,-2,True,False,1.6,,115,,36.858974358974365,True,0
Matt Fast,T115,115,True,United States of America,+7,False,-51,Lake,74,4,Ocean,Back,73,3,147,Lake→Ocean,5,5,3,4,4,4,4,3,5,4,4,4,3,5,4,5,4,4,37,37,4,3,7,5,2,4,5,4,5,3,4,4,4,4,4,4,3,4,39,34,0.0,1.0,12.0,5.0,0.0,0.0,2.0,13.0,2.0,1.0,34,R2 Back,-1,True,73.5,1,74,73,1,0,5,False,True,1.2,,115,,36.858974358974365,True,0
Matthew Dodd-Berry,T115,115,True,England,+7,False,-51,Lake,72,2,Ocean,Front,75,5,147,Lake→Ocean,5,4,3,4,5,4,2,4,4,3,4,5,4,5,2,5,4,5,35,37,4,4,4,5,4,3,4,3,4,4,5,4,5,5,4,4,4,5,35,40,1.0,3.0,7.0,7.0,0.0,0.0,2.0,9.0,7.0,0.0,35,R1 Front,3,False,73.5,3,72,75,-3,-2,-5,True,False,0.4,,115,,36.858974358974365,True,0
Jack Wieler,T115,115,True,United States of America,+7,False,-51,Lake,75,5,Ocean,Back,72,2,147,Lake→Ocean,4,5,5,4,5,4,5,3,4,3,4,5,3,4,3,5,5,4,39,36,6,3,4,4,4,4,3,4,4,3,5,6,4,4,4,4,3,3,36,36,0.0,1.0,12.0,4.0,1.0,0.0,3.0,12.0,1.0,2.0,36,R1 Back,-3,True,73.5,3,75,72,3,3,0,False,False,0.6,,115,,36.858974358974365,True,0
Ashton McCulloch,T115,115,True,Canada,+7,False,-51,Lake,76,6,Ocean,Front,71,1,147,Lake→Ocean,5,4,3,5,5,5,4,4,4,4,5,4,2,4,3,6,4,5,39,37,3,3,4,5,3,4,4,4,4,4,4,3,4,5,5,5,3,4,34,37,0.0,2.0,8.0,8.0,0.0,0.0,3.0,11.0,4.0,0.0,34,R2 Front,-5,True,73.5,5,76,71,5,2,-3,False,False,1.0,,115,,36.858974358974365,True,0
Bryce Wheeler,T115,115,True,United States of America,+7,False,-51,Ocean,73,3,Lake,Back,74,4,147,Ocean→Lake,4,4,5,5,3,3,4,4,4,3,5,4,4,4,5,4,2,6,36,37,5,4,4,4,5,5,4,2,4,4,4,4,3,5,3,5,5,4,37,37,0.0,2.0,12.0,3.0,1.0,0.0,1.0,12.0,5.0,0.0,36,R1 Front,1,False,73.5,1,74,73,1,-1,0,True,False,0.8,,115,,36.858974358974365,True,0
Nathan Piatt,T115,115,True,United States of America,+7,False,-51,Lake,75,5,Ocean,Back,72,2,147,Lake→Ocean,5,4,4,5,4,4,3,2,4,3,4,4,4,7,4,5,5,4,35,40,5,3,5,4,3,4,4,4,4,3,4,4,4,5,3,5,3,5,36,36,0.0,3.0,9.0,5.0,1.0,0.0,3.0,10.0,5.0,0.0,35,R1 Front,-3,True,73.5,3,75,72,3,-5,0,True,False,1.6,,115,,36.858974358974365,True,0
Zach Kingsland,T115,115,True,United States of America,+7,False,-51,Ocean,72,2,Lake,Front,75,5,147,Ocean→Lake,4,3,5,5,3,4,4,4,5,3,5,3,3,3,5,5,3,5,37,35,5,4,4,5,4,4,3,3,5,4,4,4,5,4,4,4,5,4,37,38,0.0,3.0,10.0,5.0,0.0,0.0,2.0,10.0,5.0,1.0,35,R1 Back,3,False,73.5,3,75,72,3,2,-1,False,False,-0.6,,115,,36.858974358974365,True,0
Christian Johnson,T115,115,True,United States of America,+7,False,-51,Lake,73,3,Ocean,Back,74,4,147,Lake→Ocean,6,4,3,4,4,5,5,3,4,4,4,5,2,4,3,5,4,4,38,35,4,4,5,5,3,4,6,3,3,4,5,4,3,5,4,4,3,5,37,37,0.0,2.0,12.0,3.0,1.0,0.0,3.0,9.0,5.0,1.0,35,R1 Back,1,False,73.5,1,73,74,-1,3,0,False,False,-0.2,,115,,36.858974358974365,True,0
William McDonald,T115,115,True,United States of America,+7,False,-51,Lake,72,2,Ocean,Front,75,5,147,Lake→Ocean,5,5,3,4,4,4,4,3,4,4,4,5,2,3,3,5,5,5,36,36,5,3,4,5,3,4,5,3,4,3,4,4,4,5,4,4,5,6,36,39,0.0,2.0,12.0,4.0,0.0,0.0,2.0,11.0,3.0,2.0,36,R1 Front,3,False,73.5,3,72,75,-3,0,-3,False,False,-0.6,,115,,36.858974358974365,True,0
Anh Minh Nguyen,T115,115,True,Vietnam,+7,False,-51,Ocean,71,1,Lake,Back,76,6,147,Ocean→Lake,5,3,4,5,3,4,5,4,3,3,6,4,4,4,5,3,3,3,36,35,4,4,4,4,5,7,4,3,3,4,6,6,3,4,3,5,4,3,38,38,0.0,3.0,11.0,4.0,0.0,0.0,3.0,10.0,2.0,3.0,35,R1 Back,5,False,73.5,5,76,71,5,1,0,False,False,-1.0,,115,,36.858974358974365,True,0
Cameron Adam,T115,115,True,Scotland,+7,False,-51,Ocean,76,6,Lake,Back,70,0,146,Ocean→Lake,5,3,4,4,3,3,4,4,5,3,5,4,6,4,5,5,4,5,35,41,3,4,4,5,4,4,3,3,5,4,4,4,3,4,3,5,5,3,35,35,0.0,2.0,9.0,6.0,1.0,0.0,3.0,12.0,3.0,0.0,35,R1 Front,-6,True,73.0,6,70,76,-6,-6,0,True,False,2.2,,115,,36.858974358974365,True,0
Lorenzo Rodriguez,T129,129,True,United States of America,+8,False,-65,Ocean,72,2,Lake,Back,76,6,148,Ocean→Lake,4,2,4,4,3,4,4,3,4,5,5,5,4,4,4,5,4,4,32,40,4,4,4,5,5,3,4,3,4,5,4,5,3,5,3,5,5,5,36,40,0.0,3.0,11.0,3.0,1.0,0.0,1.0,10.0,7.0,0.0,32,R1 Front,4,False,74.0,4,76,72,4,-8,-4,True,False,0.19999999999999996,,129,,41.34615384615385,True,0
Jay Mendell,T129,129,True,United States of America,+8,False,-65,Ocean,75,5,Lake,Front,73,3,148,Ocean→Lake,4,4,3,5,2,5,5,4,4,3,5,5,4,5,5,4,4,4,36,39,4,3,4,5,4,4,4,4,4,5,5,4,3,4,3,4,5,4,36,37,0.0,2.0,9.0,7.0,0.0,0.0,2.0,11.0,5.0,0.0,36,R1 Front,-2,True,74.0,2,73,75,-2,-3,-1,True,False,1.4,,129,,41.34615384615385,True,0
Daniel Suter,T129,129,True,United States of America,+8,False,-65,Lake,80,10,Ocean,Back,68,-2,148,Lake→Ocean,4,4,3,5,6,4,4,4,5,4,6,4,3,4,3,6,5,6,39,41,5,3,4,5,2,4,4,4,3,2,4,4,4,3,5,5,4,3,34,34,0.0,0.0,11.0,4.0,3.0,0.0,6.0,8.0,4.0,0.0,34,R2 Front,-12,True,74.0,12,80,68,12,-2,0,True,False,3.4,,129,,41.34615384615385,True,0
Cayden Pope,T129,129,True,United States of America,+8,False,-65,Lake,78,8,Ocean,Front,70,0,148,Lake→Ocean,5,5,3,5,4,4,3,4,4,5,4,6,4,4,3,5,6,4,37,41,4,4,4,5,3,5,4,3,4,3,5,5,4,4,4,4,2,3,36,34,0.0,1.0,9.0,7.0,1.0,0.0,3.0,12.0,3.0,0.0,34,R2 Back,-8,True,74.0,8,78,70,8,-4,2,True,True,3.6,,129,,41.34615384615385,True,0
Tyson Shelley,T129,129,True,United States of America,+8,False,-65,Ocean,72,2,Lake,Front,76,6,148,Ocean→Lake,4,3,6,5,2,4,4,4,4,3,5,4,3,5,4,4,4,4,36,36,5,6,3,4,5,4,3,3,4,4,5,5,4,4,2,5,6,4,37,39,0.0,2.0,13.0,2.0,1.0,0.0,2.0,9.0,6.0,1.0,36,R1 Front,4,False,74.0,4,76,72,4,0,-2,False,False,-0.8,,129,,41.34615384615385,True,0
Lance Simpson,T129,129,True,United States of America,+8,False,-65,Lake,72,2,Ocean,Front,76,6,148,Lake→Ocean,4,4,3,4,3,4,4,2,4,5,5,5,3,3,3,7,5,4,32,40,4,5,4,5,3,4,4,4,6,4,4,4,4,5,4,4,3,5,39,37,0.0,3.0,11.0,3.0,1.0,0.0,1.0,12.0,3.0,2.0,32,R1 Front,4,False,74.0,4,72,76,-4,-8,2,True,True,1.2,,129,,41.34615384615385,True,0
Noah Kent,T129,129,True,United States of America,+8,False,-65,Ocean,74,4,Lake,Front,74,4,148,Ocean→Lake,4,4,4,5,3,4,4,4,4,3,5,4,4,4,4,4,3,7,36,38,4,4,3,4,5,4,3,3,4,5,4,4,4,4,3,5,6,5,34,40,0.0,0.0,16.0,1.0,1.0,0.0,1.0,12.0,5.0,0.0,34,R2 Front,0,False,74.0,0,74,74,0,-2,-6,True,False,1.0,,129,,41.34615384615385,True,0
Nicholas Prieto,T129,129,True,United States of America,+8,False,-65,Lake,78,8,Ocean,Front,70,0,148,Lake→Ocean,5,5,3,5,5,5,4,4,4,4,5,5,3,4,3,5,5,4,40,38,6,3,4,5,3,3,5,3,3,3,6,4,4,4,4,3,3,4,35,35,0.0,0.0,10.0,8.0,0.0,0.0,4.0,11.0,2.0,1.0,35,R2 Front,-8,True,74.0,8,78,70,8,2,0,False,False,1.6,,129,,41.34615384615385,True,0
Gabriel Palacios,T129,129,True,Guatemala,+8,False,-65,Lake,75,5,Ocean,Back,73,3,148,Lake→Ocean,5,5,5,4,6,4,5,3,3,4,4,5,3,3,3,5,4,4,40,35,4,3,5,5,3,5,3,3,4,3,7,4,4,4,5,4,3,4,35,38,0.0,3.0,9.0,4.0,2.0,0.0,2.0,12.0,3.0,1.0,35,R1 Back,-2,True,74.0,2,75,73,2,5,-3,False,False,0.4,,129,,41.34615384615385,True,0
Keigo Takehara,T129,129,True,Japan,+8,False,-65,Ocean,76,6,Lake,Back,72,2,148,Ocean→Lake,5,3,4,5,2,4,4,4,4,3,7,4,5,5,5,5,3,4,35,41,5,4,3,4,4,4,4,3,4,5,4,3,3,4,3,6,4,5,35,37,0.0,1.0,11.0,5.0,1.0,0.0,2.0,12.0,4.0,0.0,35,R1 Front,-4,True,74.0,4,72,76,-4,-6,-2,True,False,1.8,,129,,41.34615384615385,True,0
Baron Szeto,T129,129,True,United States of America,+8,False,-65,Ocean,71,1,Lake,Front,77,7,148,Ocean→Lake,4,3,4,5,3,5,4,4,5,2,5,4,4,4,4,4,3,4,37,34,6,5,5,4,4,6,3,4,4,4,4,4,3,5,2,5,5,4,41,36,0.0,1.0,15.0,2.0,0.0,0.0,2.0,10.0,3.0,3.0,34,R1 Back,6,False,74.0,6,77,71,6,3,5,False,True,-0.19999999999999996,,129,,41.34615384615385,True,0
Jack Turner,T129,129,True,United States of America,+8,False,-65,Lake,75,5,Ocean,Back,73,3,148,Lake→Ocean,5,4,4,4,5,5,3,3,4,4,6,5,3,4,3,5,5,3,37,38,4,3,5,5,3,4,4,4,3,3,4,5,5,6,4,4,3,4,35,38,0.0,2.0,10.0,5.0,1.0,0.0,2.0,12.0,3.0,1.0,35,R2 Front,-2,True,74.0,2,75,73,2,-1,-3,True,False,1.4,,129,,41.34615384615385,True,0
Tomas Restrepo,T129,129,True,Colombia,+8,False,-65,Lake,75,5,Ocean,Front,73,3,148,Lake→Ocean,5,4,3,4,4,4,4,3,5,5,4,4,4,3,4,4,5,6,36,39,5,3,4,3,3,4,4,4,4,3,6,5,5,4,4,4,4,4,34,39,0.0,2.0,10.0,5.0,1.0,1.0,0.0,12.0,5.0,0.0,34,R2 Front,-2,True,74.0,2,75,73,2,-3,-5,True,False,1.4,,129,,41.34615384615385,True,0
Parker Bell,T129,129,True,United States of America,+8,False,-65,Lake,72,2,Ocean,Front,76,6,148,Lake→Ocean,5,4,3,4,4,4,4,2,4,5,4,5,3,4,2,5,5,5,34,38,4,3,5,5,4,5,4,5,4,3,5,5,5,4,4,4,4,3,39,37,0.0,2.0,12.0,4.0,0.0,0.0,1.0,10.0,7.0,0.0,34,R1 Front,4,False,74.0,4,72,76,-4,-4,2,True,True,1.2,,129,,41.34615384615385,True,0
Jonathan Griz,T129,129,True,United States of America,+8,False,-65,Ocean,72,2,Lake,Front,76,6,148,Ocean→Lake,4,4,4,4,3,4,5,5,4,3,5,4,4,4,4,4,3,4,37,35,5,5,4,6,4,4,4,4,3,4,4,5,3,4,3,5,5,4,39,37,0.0,1.0,14.0,3.0,0.0,0.0,1.0,11.0,5.0,1.0,35,R1 Back,4,False,74.0,4,76,72,4,2,2,False,True,0.19999999999999996,,129,,41.34615384615385,True,0
Philip Minnehan,T129,129,True,United States of America,+8,False,-65,Lake,70,0,Ocean,Front,78,8,148,Lake→Ocean,4,4,4,5,4,3,4,3,4,4,4,5,3,4,2,5,4,4,35,35,6,4,4,5,4,4,5,4,5,3,5,4,4,5,5,4,3,6,41,39,0.0,3.0,12.0,3.0,0.0,0.0,0.0,10.0,6.0,2.0,35,R1 Front,8,False,74.0,8,70,78,-8,0,2,False,True,-0.6000000000000001,,129,,41.34615384615385,True,0
Jack Gilbert,T146,146,True,United States of America,+8,False,-82,Lake,73,3,Ocean,Front,76,6,149,Lake→Ocean,5,5,4,4,6,4,3,4,4,4,3,4,3,4,3,5,4,4,39,34,5,3,4,5,4,4,4,4,4,4,5,4,4,5,4,4,4,5,37,39,0.0,3.0,10.0,4.0,1.0,0.0,0.0,12.0,6.0,0.0,34,R1 Back,3,False,74.5,3,73,76,-3,5,-2,False,False,-0.6,,146,,46.794871794871796,True,0
Omar Tejeira,T146,146,True,Panama,+9,False,-82,Lake,78,8,Ocean,Back,71,1,149,Lake→Ocean,4,5,4,5,4,5,3,5,4,4,5,4,3,4,4,6,6,3,39,39,4,3,5,4,3,4,4,4,5,2,5,4,4,4,5,4,3,4,36,35,0.0,2.0,7.0,8.0,1.0,0.0,2.0,13.0,3.0,0.0,35,R2 Back,-7,True,74.5,7,78,71,7,0,1,False,True,2.4,,146,,46.794871794871796,True,0
Dax Isbell,T146,146,True,United States of America,+9,False,-82,Lake,75,5,Ocean,Back,74,4,149,Lake→Ocean,5,5,3,5,5,4,3,2,4,4,4,5,3,3,3,6,7,4,36,39,4,3,4,4,4,3,4,4,5,3,6,5,4,4,5,5,3,4,35,39,0.0,3.0,8.0,6.0,1.0,0.0,2.0,10.0,6.0,0.0,35,R2 Front,-1,True,74.5,1,75,74,1,-3,-4,True,False,1.2,,146,,46.794871794871796,True,0
CJ Winchenbaugh,T146,146,True,United States of America,+9,False,-82,Ocean,71,1,Lake,Front,78,8,149,Ocean→Lake,5,4,3,5,3,4,3,3,4,4,5,5,3,4,4,5,3,4,34,37,4,7,5,4,3,5,4,5,3,3,3,4,5,4,3,5,5,6,40,38,0.0,4.0,9.0,5.0,0.0,0.0,4.0,8.0,1.0,5.0,34,R1 Front,7,False,74.5,7,78,71,7,-3,2,True,True,0.6000000000000001,,146,,46.794871794871796,True,0
Alejandro Villavicencio,T146,146,True,Guatemala,+9,False,-82,Ocean,73,3,Lake,Front,76,6,149,Ocean→Lake,5,3,4,4,2,5,4,4,4,4,5,4,5,4,4,4,3,5,35,38,5,5,4,4,5,5,4,4,4,4,4,3,3,4,3,5,5,5,40,36,0.0,2.0,11.0,5.0,0.0,0.0,1.0,10.0,7.0,0.0,35,R1 Front,3,False,74.5,3,76,73,3,-3,4,True,True,1.4,,146,,46.794871794871796,True,0
Cooper Schultz,T146,146,True,United States of America,+9,False,-82,Lake,78,8,Ocean,Front,71,1,149,Lake→Ocean,5,5,5,4,6,4,4,3,4,4,4,5,3,3,3,6,6,4,40,38,6,4,5,5,3,3,4,5,4,3,5,4,4,3,3,5,2,3,39,32,0.0,1.0,10.0,5.0,2.0,0.0,5.0,8.0,4.0,1.0,32,R2 Back,-7,True,74.5,7,78,71,7,2,7,False,True,2.4,,146,,46.794871794871796,True,0
Dean Greyserman,T146,146,True,United States of America,+9,False,-82,Lake,77,7,Ocean,Front,72,2,149,Lake→Ocean,4,4,4,4,4,5,4,4,4,5,5,5,3,4,3,5,5,5,37,40,5,4,3,6,3,3,4,4,5,3,4,4,5,4,4,4,3,4,37,35,0.0,0.0,11.0,7.0,0.0,0.0,3.0,10.0,5.0,0.0,35,R2 Back,-5,True,74.5,5,77,72,5,-3,2,True,True,3.0,,146,,46.794871794871796,True,0
Zachery Pollo,T146,146,True,United States of America,+9,False,-82,Lake,72,2,Ocean,Back,77,7,149,Lake→Ocean,6,3,3,4,5,4,3,4,3,5,4,4,5,3,3,5,4,4,35,37,5,4,4,5,3,4,4,5,4,4,5,5,3,4,5,4,5,4,38,39,0.0,5.0,8.0,3.0,2.0,0.0,1.0,10.0,6.0,1.0,35,R1 Front,5,False,74.5,5,72,77,-5,-2,-1,True,False,0.0,,146,,46.794871794871796,True,0
Daniel Hayes,T146,146,True,England,+9,False,-82,Ocean,76,6,Lake,Back,73,3,149,Ocean→Lake,5,3,4,5,4,5,3,5,4,3,5,3,4,4,5,5,3,6,38,38,4,4,5,4,5,6,4,4,5,4,5,4,2,4,2,3,4,4,41,32,0.0,2.0,9.0,6.0,1.0,1.0,3.0,8.0,4.0,2.0,32,R2 Back,-3,True,74.5,3,73,76,-3,0,9,False,True,1.6,,146,,46.794871794871796,True,0
Noah Goldman,T146,146,True,United States of America,+9,False,-82,Lake,77,7,Ocean,Front,72,2,149,Lake→Ocean,5,3,4,4,5,4,3,6,4,4,5,5,3,4,3,6,5,4,38,39,5,3,4,5,3,4,5,4,3,3,5,4,4,4,3,4,4,5,36,36,0.0,2.0,9.0,6.0,1.0,0.0,2.0,12.0,4.0,0.0,36,R2 Front,-5,True,74.5,5,77,72,5,-1,0,True,False,2.0,,146,,46.794871794871796,True,0
Jaden Huggins,T146,146,True,United States of America,+9,False,-82,Lake,76,6,Ocean,Front,73,3,149,Lake→Ocean,5,4,3,3,4,6,4,4,4,5,5,5,2,4,2,8,5,3,37,39,5,4,4,5,6,3,4,4,3,3,5,4,4,4,4,4,3,4,38,35,0.0,4.0,7.0,5.0,2.0,0.0,2.0,13.0,2.0,1.0,35,R2 Back,-3,True,74.5,3,76,73,3,-2,3,True,True,2.6,,146,,46.794871794871796,True,0
Bennett Espenshade,T146,146,True,United States of America,+9,False,-82,Ocean,74,4,Lake,Front,75,5,149,Ocean→Lake,5,4,4,5,3,5,5,4,4,4,4,4,4,4,5,3,3,4,39,35,4,4,4,4,4,3,4,4,4,5,5,6,3,5,2,4,6,4,35,40,0.0,2.0,10.0,6.0,0.0,0.0,3.0,8.0,6.0,1.0,35,R1 Back,1,False,74.5,1,75,74,1,4,-5,False,False,-0.2,,146,,46.794871794871796,True,0
Parker Wisdom,T146,146,True,United States of America,+9,False,-82,Lake,75,5,Ocean,Back,74,4,149,Lake→Ocean,6,4,3,3,4,5,3,4,4,4,4,5,4,4,3,6,5,4,36,39,5,3,3,5,3,3,4,6,5,2,5,4,5,3,5,5,4,4,37,37,0.0,2.0,10.0,5.0,1.0,0.0,4.0,7.0,6.0,1.0,36,R1 Front,-1,True,74.5,1,75,74,1,-3,0,True,False,1.2,,146,,46.794871794871796,True,0
Jose Luis Montano,T146,146,True,Bolivia,+9,False,-82,Ocean,79,9,Lake,Front,70,0,149,Ocean→Lake,6,4,4,5,4,4,4,4,4,4,8,4,4,4,4,4,3,5,39,40,4,4,4,4,4,5,4,2,4,5,4,4,3,4,2,5,4,4,35,35,0.0,0.0,12.0,4.0,2.0,0.0,3.0,12.0,3.0,0.0,35,R2 Front,-9,True,74.5,9,70,79,-9,-1,0,True,False,2.8,,146,,46.794871794871796,True,0
Cooper Humphreys,T146,146,True,Canada,+9,False,-82,Ocean,74,4,Lake,Back,75,5,149,Ocean→Lake,5,4,4,5,3,4,4,4,5,3,5,5,4,4,4,4,3,4,38,36,4,4,3,4,4,5,3,3,4,5,5,5,4,4,3,6,5,4,34,41,0.0,0.0,14.0,4.0,0.0,0.0,1.0,11.0,6.0,0.0,34,R2 Front,1,False,74.5,1,75,74,1,2,-7,False,False,-0.2,,146,,46.794871794871796,True,0
Braxton Kuntz,T146,146,True,Canada,+9,False,-82,Lake,73,3,Ocean,Front,76,6,149,Lake→Ocean,6,4,4,4,5,4,3,2,4,5,4,5,3,3,3,5,6,3,36,37,4,4,4,5,3,7,4,3,4,4,5,5,4,4,4,5,3,4,38,38,0.0,4.0,8.0,5.0,1.0,0.0,1.0,12.0,4.0,1.0,36,R1 Front,3,False,74.5,3,73,76,-3,-1,0,True,False,0.4,,146,,46.794871794871796,True,0
JP Odland,T146,146,True,United States of America,+9,False,-82,Lake,74,4,Ocean,Front,75,5,149,Lake→Ocean,5,3,3,5,4,4,4,4,5,4,4,4,4,4,3,5,5,4,37,37,5,3,5,4,2,4,4,4,4,3,8,3,6,5,3,5,3,4,35,40,0.0,1.0,12.0,5.0,0.0,0.0,4.0,8.0,4.0,2.0,35,R2 Front,1,False,74.5,1,74,75,-1,0,-5,False,False,-0.2,,146,,46.794871794871796,True,0
Bobby Massa,T146,146,True,United States of America,+9,False,-82,Ocean,78,8,Lake,Front,71,1,149,Ocean→Lake,4,4,4,5,3,7,4,4,5,3,5,4,5,4,4,3,3,7,40,38,4,5,3,4,4,4,5,3,4,4,4,4,3,4,3,6,4,3,36,35,0.0,1.0,12.0,3.0,2.0,0.0,2.0,13.0,3.0,0.0,35,R2 Back,-7,True,74.5,7,71,78,-7,2,1,False,True,2.4,,146,,46.794871794871796,True,0
Drue Nicholas,T146,146,True,United States of America,+9,False,-82,Ocean,75,5,Lake,Back,74,4,149,Ocean→Lake,6,3,5,5,3,4,4,5,4,3,4,5,4,4,4,5,3,4,39,36,5,5,4,4,4,5,4,2,4,4,5,4,3,4,2,6,5,4,37,37,0.0,1.0,12.0,4.0,1.0,0.0,2.0,10.0,6.0,0.0,36,R1 Back,-1,True,74.5,1,74,75,-1,3,0,False,False,0.2,,146,,46.794871794871796,True,0
Aiden Krafft,T146,146,True,United States of America,+9,False,-82,Ocean,76,6,Lake,Back,73,3,149,Ocean→Lake,5,3,5,5,3,5,4,4,4,4,5,4,4,4,5,4,3,5,38,38,5,4,4,4,3,5,4,3,4,4,5,5,3,4,3,6,4,3,36,37,0.0,0.0,12.0,6.0,0.0,0.0,3.0,9.0,6.0,0.0,36,R2 Front,-3,True,74.5,3,73,76,-3,0,-1,False,False,0.6,,146,,46.794871794871796,True,0
Nathan O'Neal,T146,146,True,United States of America,+9,False,-82,Ocean,71,1,Lake,Back,78,8,149,Ocean→Lake,4,4,4,4,3,4,3,4,4,4,5,4,4,3,5,4,3,5,34,37,5,4,4,4,4,4,4,3,4,4,5,5,4,6,3,5,6,4,36,42,0.0,3.0,11.0,4.0,0.0,0.0,0.0,11.0,6.0,1.0,34,R1 Front,7,False,74.5,7,78,71,7,-3,-6,True,False,-0.3999999999999999,,146,,46.794871794871796,True,0
Preston Hage,T146,146,True,United States of America,+9,False,-82,Lake,74,4,Ocean,Back,75,5,149,Lake→Ocean,5,4,4,5,5,5,4,3,4,4,4,5,3,3,2,4,4,6,39,35,4,4,5,4,4,5,4,3,5,3,7,4,5,4,4,3,3,4,38,37,0.0,4.0,7.0,6.0,1.0,0.0,3.0,8.0,6.0,1.0,35,R1 Back,1,False,74.5,1,74,75,-1,4,1,False,True,0.8,,146,,46.794871794871796,True,0
Cole Imig,T146,146,True,United States of America,+9,False,-82,Ocean,74,4,Lake,Front,75,5,149,Ocean→Lake,4,3,3,5,3,5,5,4,4,4,6,3,5,5,4,4,3,4,36,38,4,6,2,5,4,4,4,3,4,4,4,4,3,5,3,6,6,4,36,39,0.0,2.0,10.0,6.0,0.0,0.0,1.0,12.0,4.0,1.0,36,R1 Front,1,False,74.5,1,75,74,1,-2,-3,True,False,0.8,,146,,46.794871794871796,True,0
Owen Sawyer,T146,146,True,United States of America,+9,False,-82,Ocean,72,2,Lake,Front,77,7,149,Ocean→Lake,5,3,4,5,3,4,4,3,3,3,7,4,4,4,4,4,4,4,34,38,5,5,4,4,6,5,3,4,5,4,4,5,3,4,2,5,5,4,41,36,0.0,2.0,13.0,2.0,1.0,0.0,2.0,8.0,7.0,1.0,34,R1 Front,5,False,74.5,5,77,72,5,-4,5,True,True,1.0,,146,,46.794871794871796,True,0
Ronin Banerjee,T146,146,True,United States of America,+9,False,-82,Ocean,76,6,Lake,Back,73,3,149,Ocean→Lake,5,3,4,5,3,4,4,4,4,3,5,4,5,4,5,5,3,6,36,40,5,4,4,4,4,4,4,4,4,4,6,3,3,3,3,5,5,4,37,36,0.0,0.0,13.0,4.0,1.0,0.0,2.0,12.0,3.0,1.0,36,R1 Front,-3,True,74.5,3,73,76,-3,-4,1,True,True,2.6,,146,,46.794871794871796,True,0
Kihei Akina,T146,146,True,United States of America,+9,False,-82,Lake,73,3,Ocean,Back,76,6,149,Lake→Ocean,4,3,3,4,4,4,4,3,4,6,4,4,3,4,3,7,5,4,33,40,5,3,5,4,3,4,4,4,4,3,5,4,5,4,6,5,3,5,36,40,0.0,1.0,15.0,0.0,2.0,0.0,1.0,11.0,5.0,1.0,33,R1 Front,3,False,74.5,3,73,76,-3,-7,-4,True,False,0.4,,146,,46.794871794871796,True,0
Hiroshi Tai,T146,146,True,Singapore,+9,False,-82,Ocean,73,3,Lake,Front,76,6,149,Ocean→Lake,4,3,4,5,3,4,4,4,4,5,5,5,3,4,5,4,3,4,35,38,5,4,3,4,6,4,4,3,5,5,5,4,2,4,3,6,5,4,38,38,0.0,1.0,14.0,2.0,1.0,0.0,1.0,11.0,5.0,1.0,35,R1 Front,3,False,74.5,3,76,73,3,-3,0,True,False,0.4,,146,,46.794871794871796,True,0
Jager Pain,T146,146,True,Canada,+9,False,-82,Ocean,70,0,Lake,Back,79,9,149,Ocean→Lake,5,3,4,5,3,3,4,4,3,4,5,4,4,4,5,3,3,4,34,36,6,4,4,4,5,4,4,4,4,4,4,5,3,5,3,6,6,4,39,40,0.0,3.0,12.0,3.0,0.0,0.0,0.0,10.0,7.0,1.0,34,R1 Front,9,False,74.5,9,79,70,9,-2,-1,True,False,-0.8,,146,,46.794871794871796,True,0
Connor Cassano,T146,146,True,United States of America,+9,False,-82,Lake,78,8,Ocean,Front,71,1,149,Lake→Ocean,4,4,2,5,5,5,6,3,5,4,5,5,4,4,5,4,4,4,39,39,4,2,4,4,3,4,4,5,4,3,6,4,4,5,4,5,2,4,34,37,0.0,3.0,6.0,7.0,2.0,0.0,3.0,11.0,4.0,0.0,34,R2 Front,-7,True,74.5,7,78,71,7,0,-3,False,False,1.4,,146,,46.794871794871796,True,0
Winburne Hughes,T146,146,True,United States of America,+9,False,-82,Lake,79,9,Ocean,Front,70,0,149,Lake→Ocean,5,3,5,5,5,4,5,4,4,4,4,4,3,5,3,5,7,4,40,39,6,3,4,5,3,4,4,3,4,3,4,3,5,4,4,4,3,4,36,34,0.0,1.0,9.0,6.0,2.0,0.0,3.0,13.0,1.0,1.0,34,R2 Back,-9,True,74.5,9,79,70,9,1,2,False,True,2.8,,146,,46.794871794871796,True,0
Liam Maclauchlan,T146,146,True,United States of America,+9,False,-82,Ocean,74,4,Lake,Back,75,5,149,Ocean→Lake,5,4,3,5,3,4,4,4,5,3,5,4,4,5,5,4,3,4,37,37,5,4,4,5,5,4,4,4,4,4,5,4,4,3,3,4,5,4,39,36,0.0,1.0,12.0,5.0,0.0,0.0,2.0,9.0,7.0,0.0,36,R2 Back,1,False,74.5,1,75,74,1,0,3,False,True,0.8,,146,,46.794871794871796,True,0
Gaven Lane,T146,146,True,United States of America,+9,False,-82,Lake,78,8,Ocean,Front,71,1,149,Lake→Ocean,5,5,4,5,5,4,4,4,5,3,5,4,3,5,3,5,5,4,41,37,5,3,3,5,3,3,5,4,5,3,6,4,4,3,4,4,3,4,36,35,0.0,1.0,8.0,9.0,0.0,0.0,3.0,11.0,4.0,0.0,35,R2 Back,-7,True,74.5,7,78,71,7,4,1,False,True,2.4,,146,,46.794871794871796,True,0
Gray Mitchum,T146,146,True,United States of America,+9,False,-82,Ocean,72,2,Lake,Front,76,6,149,Ocean→Lake,4,3,4,4,3,4,3,4,4,4,6,4,4,5,4,5,3,4,33,39,5,4,4,4,5,5,4,4,4,6,5,4,3,4,2,5,5,4,39,38,0.0,2.0,12.0,4.0,0.0,0.0,1.0,10.0,6.0,1.0,33,R1 Front,4,False,74.0,4,76,72,4,-6,1,True,True,1.2,,146,,46.794871794871796,True,0
Wells Williams,T146,146,True,United States of America,+9,False,-82,Ocean,77,7,Lake,Back,73,3,149,Ocean→Lake,5,4,5,5,4,4,3,6,4,3,5,4,4,4,5,4,3,5,40,37,5,5,5,4,5,4,3,3,4,4,5,3,3,4,2,5,3,4,38,33,0.0,1.0,10.0,6.0,1.0,1.0,3.0,9.0,4.0,1.0,33,R2 Back,-4,True,75.0,4,73,77,-4,3,5,False,True,1.8,,146,,46.794871794871796,True,0
Ratchanon TK Chantananuwat,T179,179,True,Thailand,+10,False,-115,Lake,77,7,Ocean,Back,73,3,150,Lake→Ocean,5,4,4,5,5,3,4,4,4,4,5,4,3,4,4,5,6,4,38,39,4,4,3,5,4,5,5,3,3,3,5,5,4,4,4,6,3,3,36,37,0.0,1.0,9.0,8.0,0.0,0.0,4.0,8.0,5.0,1.0,36,R2 Front,-4,True,75.0,4,77,73,4,-1,-1,True,False,1.8,,179,,57.37179487179487,True,0
Zach Foushee,T179,179,True,United States of America,+10,False,-115,Lake,72,2,Ocean,Back,78,8,150,Lake→Ocean,5,4,4,4,3,5,4,4,4,4,3,4,3,4,3,5,5,4,37,35,5,4,5,5,2,4,4,5,5,4,5,3,4,6,5,5,3,4,39,39,0.0,2.0,12.0,4.0,0.0,0.0,2.0,7.0,8.0,1.0,35,R1 Back,6,False,75.0,6,72,78,-6,2,0,False,False,-1.2,,179,,57.37179487179487,True,0
Andrey Borges,T179,179,True,Brazil,+10,False,-115,Lake,77,7,Ocean,Back,73,3,150,Lake→Ocean,5,5,3,4,4,5,4,4,5,4,5,4,2,5,3,5,7,3,39,38,3,3,4,4,4,4,4,4,4,3,5,4,4,5,4,4,3,7,34,39,0.0,2.0,8.0,7.0,1.0,0.0,2.0,13.0,2.0,1.0,34,R2 Front,-4,True,75.0,4,77,73,4,1,-5,False,False,0.8,,179,,57.37179487179487,True,0
Jackson Spires,T179,179,True,United States of America,+10,False,-115,Ocean,77,7,Lake,Front,73,3,150,Ocean→Lake,4,3,4,5,4,4,6,3,4,3,6,5,3,5,5,5,3,5,37,40,5,5,3,4,5,4,4,3,4,5,3,4,3,4,3,5,4,5,37,36,0.0,2.0,8.0,7.0,1.0,0.0,2.0,11.0,5.0,0.0,36,R2 Back,-4,True,75.0,4,73,77,-4,-3,1,True,True,2.8,,179,,57.37179487179487,True,0
Kurtis Rodriguez,T179,179,True,United States of America,+10,False,-115,Ocean,76,6,Lake,Front,74,4,150,Ocean→Lake,5,3,5,5,3,4,6,4,4,3,4,4,5,4,5,4,3,5,39,37,5,5,5,5,3,4,5,3,5,4,4,4,3,3,3,5,4,4,40,34,0.0,1.0,11.0,5.0,1.0,0.0,3.0,9.0,5.0,1.0,34,R2 Back,-2,True,75.0,2,74,76,-2,2,6,False,True,1.4,,179,,57.37179487179487,True,0
Colin Summers,T179,179,True,United States of America,+10,False,-115,Ocean,75,5,Lake,Front,75,5,150,Ocean→Lake,5,3,5,4,2,4,6,6,4,3,5,5,4,4,4,4,4,3,39,36,6,5,5,4,4,3,3,4,4,4,3,6,3,4,3,5,5,4,38,37,0.0,3.0,9.0,4.0,2.0,0.0,3.0,10.0,2.0,3.0,36,R1 Back,0,False,75.0,0,75,75,0,3,1,False,True,1.0,,179,,57.37179487179487,True,0
Willy Walsh,T179,179,True,United States of America,+10,False,-115,Lake,75,5,Ocean,Front,75,5,150,Lake→Ocean,4,4,3,5,5,4,4,5,3,4,3,4,3,5,4,5,5,5,37,38,4,4,6,4,3,7,4,4,4,3,6,4,4,3,4,4,3,4,40,35,0.0,2.0,10.0,5.0,1.0,0.0,2.0,12.0,2.0,2.0,35,R2 Back,0,False,75.0,0,75,75,0,-1,5,True,True,2.0,,179,,57.37179487179487,True,0
Collin Hodgkinson,T179,179,True,United States of America,+10,False,-115,Lake,73,3,Ocean,Back,77,7,150,Lake→Ocean,4,5,3,4,4,5,3,4,3,4,4,5,3,4,4,5,5,4,35,38,4,4,4,5,3,5,4,5,5,4,5,4,4,4,5,4,4,4,39,38,0.0,2.0,11.0,5.0,0.0,0.0,0.0,11.0,7.0,0.0,35,R1 Front,4,False,75.0,4,73,77,-4,-3,1,True,True,1.2,,179,,57.37179487179487,True,0
Bo Blanchard,T179,179,True,United States of America,+10,False,-115,Lake,72,2,Ocean,Back,78,8,150,Lake→Ocean,4,4,3,4,7,3,4,3,4,3,4,4,4,4,3,5,5,4,36,36,6,4,5,7,2,3,4,5,4,4,6,4,4,4,4,4,3,5,40,38,0.0,2.0,14.0,1.0,1.0,0.0,2.0,8.0,6.0,2.0,36,R1 Front,6,False,75.0,6,72,78,-6,0,2,False,True,-0.19999999999999996,,179,,57.37179487179487,True,0
Grady Brame Jr.,T179,179,True,United States of America,+10,False,-115,Ocean,75,5,Lake,Front,75,5,150,Ocean→Lake,5,4,3,5,4,4,4,3,5,3,5,4,3,4,6,5,4,4,37,38,5,4,3,4,4,3,4,3,4,4,4,6,3,4,5,6,4,5,34,41,0.0,3.0,8.0,6.0,1.0,0.0,2.0,11.0,3.0,2.0,34,R2 Front,0,False,75.0,0,75,75,0,-1,-7,True,False,1.0,,179,,57.37179487179487,True,0
Jeg Coughlin III,T179,179,True,United States of America,+10,False,-115,Lake,77,7,Ocean,Front,73,3,150,Lake→Ocean,4,4,3,5,5,4,4,4,5,4,5,5,3,4,3,6,5,4,38,39,5,3,4,5,3,4,5,3,4,3,4,4,5,4,4,5,4,4,36,37,0.0,0.0,11.0,7.0,0.0,0.0,2.0,11.0,5.0,0.0,36,R2 Front,-4,True,75.0,4,77,73,4,-1,-1,True,False,1.8,,179,,57.37179487179487,True,0
Bruce Murphy,T179,179,True,United States of America,+10,False,-115,Ocean,74,4,Lake,Front,76,6,150,Ocean→Lake,3,4,4,5,3,4,4,5,4,3,4,5,5,4,4,5,3,5,36,38,6,4,2,3,4,4,3,4,4,6,4,4,4,5,3,6,5,5,34,42,0.0,2.0,10.0,6.0,0.0,0.0,3.0,8.0,5.0,2.0,34,R2 Front,2,False,75.0,2,76,74,2,-2,-8,True,False,0.6,,179,,57.37179487179487,True,0
Peer Wernicke,T179,179,True,Germany,+10,False,-115,Lake,77,7,Ocean,Front,73,3,150,Lake→Ocean,4,4,4,4,4,4,3,4,5,5,4,5,3,5,3,5,5,6,36,41,5,3,4,5,3,3,4,4,4,3,5,5,4,5,4,5,3,4,35,38,0.0,1.0,10.0,6.0,1.0,0.0,1.0,13.0,4.0,0.0,35,R2 Front,-4,True,75.0,4,77,73,4,-5,-3,True,False,1.8,,179,,57.37179487179487,True,0
Walker Gantt,T179,179,True,United States of America,+10,False,-115,Ocean,75,5,Lake,Back,75,5,150,Ocean→Lake,5,3,4,5,4,4,4,5,4,2,6,3,5,5,5,4,3,4,38,37,5,4,3,4,5,4,5,3,5,5,4,5,2,5,3,6,5,3,38,38,0.0,2.0,9.0,7.0,0.0,0.0,2.0,8.0,8.0,0.0,37,R1 Back,0,False,75.0,0,75,75,0,1,0,False,False,0.0,,179,,57.37179487179487,True,0
Zach Gomez,T193,193,True,United States of America,+11,False,-129,Lake,77,7,Ocean,Front,74,4,151,Lake→Ocean,5,4,4,4,4,5,4,3,4,6,5,5,3,4,2,5,6,4,37,40,5,3,6,5,3,4,4,5,3,3,5,4,5,4,4,4,3,4,38,36,0.0,1.0,10.0,6.0,1.0,0.0,1.0,13.0,3.0,1.0,36,R2 Back,-3,True,75.5,3,77,74,3,-3,2,True,True,2.6,,193,,61.858974358974365,True,0
Dean Muratore,T193,193,True,United States of America,+11,False,-129,Ocean,74,4,Lake,Front,77,7,151,Ocean→Lake,6,4,5,5,3,6,3,4,4,2,4,4,4,4,4,4,4,4,40,34,5,4,4,5,5,4,4,4,5,3,5,4,3,4,3,6,4,5,40,37,0.0,3.0,10.0,3.0,2.0,0.0,2.0,7.0,9.0,0.0,34,R1 Back,3,False,75.5,3,77,74,3,6,3,False,True,0.4,,193,,61.858974358974365,True,0
Matthew Diehl,T193,193,True,United States of America,+11,False,-129,Ocean,74,4,Lake,Back,77,7,151,Ocean→Lake,3,4,5,5,3,5,4,4,3,3,5,4,5,4,5,5,3,4,36,38,5,4,3,4,5,4,5,4,3,5,4,5,3,5,4,6,4,4,37,40,0.0,2.0,10.0,6.0,0.0,0.0,2.0,7.0,9.0,0.0,36,R1 Front,3,False,75.5,3,77,74,3,-2,-3,True,False,0.4,,193,,61.858974358974365,True,0
Kevin Hollomon,T193,193,True,United States of America,+11,False,-129,Lake,79,9,Ocean,Front,72,2,151,Lake→Ocean,5,4,4,6,5,5,5,4,3,4,5,4,3,4,3,5,5,5,41,38,5,3,4,5,3,4,4,3,4,3,5,4,4,4,4,5,3,5,35,37,0.0,1.0,8.0,8.0,1.0,0.0,1.0,14.0,3.0,0.0,35,R2 Front,-7,True,75.5,7,79,72,7,3,-2,False,False,1.4,,193,,61.858974358974365,True,0
Wyatt Brook,T193,193,True,Canada,+11,False,-129,Lake,78,8,Ocean,Back,73,3,151,Lake→Ocean,6,4,5,3,4,6,5,4,5,4,4,4,3,4,4,5,4,4,42,36,5,2,3,5,3,5,4,6,4,4,5,5,4,4,4,3,3,4,37,36,0.0,2.0,9.0,4.0,3.0,0.0,3.0,10.0,4.0,1.0,36,R1 Back,-5,True,75.5,5,78,73,5,6,1,False,True,2.0,,193,,61.858974358974365,True,0
Trevor Lewis,T193,193,True,United States of America,+11,False,-129,Lake,75,5,Ocean,Back,76,6,151,Lake→Ocean,5,4,3,4,4,5,6,4,5,4,5,4,3,4,2,5,4,4,40,35,5,4,4,4,4,6,4,3,5,3,5,4,4,5,5,4,3,4,39,37,0.0,2.0,10.0,5.0,1.0,0.0,2.0,9.0,6.0,1.0,35,R1 Back,1,False,75.5,1,75,76,-1,5,2,False,True,0.8,,193,,61.858974358974365,True,0
Pavel Tsar,T193,193,True,United States of America,+11,False,-129,Ocean,75,5,Lake,Front,76,6,151,Ocean→Lake,5,3,4,6,2,5,3,4,5,3,5,4,4,5,5,5,2,5,37,38,6,4,3,4,4,5,3,3,4,4,3,5,4,4,4,6,5,5,36,40,0.0,3.0,7.0,8.0,0.0,0.0,2.0,9.0,6.0,1.0,36,R2 Front,1,False,75.5,1,76,75,1,-1,-4,True,False,0.8,,193,,61.858974358974365,True,0
Malan Potgieter,T193,193,True,South Africa,+11,False,-129,Lake,82,12,Ocean,Front,69,-1,151,Lake→Ocean,5,4,5,5,6,4,4,4,3,5,5,5,4,4,3,5,6,5,40,42,6,3,5,4,3,5,4,4,4,3,4,3,4,4,4,3,3,3,38,31,0.0,1.0,6.0,9.0,2.0,0.0,5.0,10.0,2.0,1.0,31,R2 Back,-13,True,75.5,13,82,69,13,-2,7,True,True,4.6,,193,,61.858974358974365,True,0
Vince Sigl,T193,193,True,United States of America,+11,False,-129,Ocean,73,3,Lake,Back,78,8,151,Ocean→Lake,4,3,4,5,3,3,4,6,4,3,5,5,3,4,5,4,4,4,36,37,4,5,5,4,5,4,5,4,4,4,5,5,3,4,3,6,5,3,40,38,0.0,2.0,12.0,3.0,1.0,0.0,1.0,9.0,7.0,1.0,36,R1 Front,5,False,75.5,5,78,73,5,-1,2,True,True,1.0,,193,,61.858974358974365,True,0
Jack Dukeminier,T193,193,True,United States of America,+11,False,-129,Lake,77,7,Ocean,Front,74,4,151,Lake→Ocean,4,4,3,5,5,4,5,4,4,4,4,4,3,5,3,5,6,5,38,39,4,3,5,4,3,5,3,4,4,3,5,5,5,5,4,4,3,5,35,39,0.0,0.0,11.0,7.0,0.0,0.0,2.0,10.0,6.0,0.0,35,R2 Front,-3,True,75.5,3,77,74,3,-1,-4,True,False,1.6,,193,,61.858974358974365,True,0
Evan Barbin,T193,193,True,United States of America,+11,False,-129,Ocean,75,5,Lake,Back,76,6,151,Ocean→Lake,4,3,5,5,3,3,4,6,4,3,4,4,5,6,5,4,3,4,37,38,5,4,4,4,4,4,3,3,4,4,5,5,3,5,3,6,6,4,35,41,0.0,2.0,11.0,3.0,2.0,0.0,1.0,10.0,7.0,0.0,35,R2 Front,1,False,75.5,1,76,75,1,-1,-6,True,False,0.8,,193,,61.858974358974365,True,0
Mesa Falleur,T193,193,True,United States of America,+11,False,-129,Ocean,70,0,Lake,Back,81,11,151,Ocean→Lake,4,3,5,4,3,4,3,4,4,4,5,5,4,4,3,4,3,4,34,36,5,6,4,5,5,5,4,3,4,5,4,5,4,5,3,4,5,5,41,40,0.0,3.0,12.0,3.0,0.0,0.0,1.0,6.0,10.0,1.0,34,R1 Front,11,False,75.5,11,81,70,11,-2,1,True,True,-0.20000000000000018,,193,,61.858974358974365,True,0
Rocco Salvitti,T193,193,True,United States of America,+11,False,-129,Ocean,71,1,Lake,Front,80,10,151,Ocean→Lake,4,3,5,4,3,4,6,4,4,2,4,4,4,4,4,4,3,5,37,34,5,4,4,5,6,4,6,4,4,4,5,4,3,3,3,5,5,6,42,38,0.0,3.0,12.0,2.0,1.0,0.0,1.0,9.0,5.0,3.0,34,R1 Back,9,False,75.5,9,80,71,9,3,4,False,True,-0.8,,193,,61.858974358974365,True,0
Rob O'Regan,T193,193,True,United States of America,+11,False,-129,Ocean,74,4,Lake,Back,77,7,151,Ocean→Lake,4,3,4,5,3,5,4,5,4,4,4,4,3,5,4,6,3,4,37,37,5,4,4,4,6,5,4,3,5,4,5,3,3,5,2,5,5,5,40,37,0.0,2.0,11.0,4.0,1.0,0.0,2.0,8.0,7.0,1.0,37,R1 Front,3,False,75.5,3,77,74,3,0,3,False,True,0.4,,193,,61.858974358974365,True,0
Bennett McNabb,T193,193,True,United States of America,+11,False,-129,Lake,78,8,Ocean,Front,73,3,151,Lake→Ocean,6,4,4,4,4,5,3,3,4,5,7,5,3,4,4,5,5,3,37,41,6,4,4,5,3,5,4,3,3,2,4,5,5,3,5,4,3,5,37,36,0.0,2.0,9.0,5.0,2.0,0.0,5.0,6.0,6.0,1.0,36,R2 Back,-5,True,75.5,5,78,73,5,-4,1,True,True,3.0,,193,,61.858974358974365,True,0
Xihuan Chang,T193,193,True,People's Republic Of China,+11,False,-129,Ocean,75,5,Lake,Back,76,6,151,Ocean→Lake,5,4,5,6,3,4,5,3,4,3,5,4,4,5,5,4,3,3,39,36,5,5,4,5,5,5,4,4,3,4,4,4,4,4,3,4,4,5,40,36,0.0,2.0,9.0,7.0,0.0,0.0,3.0,6.0,9.0,0.0,36,R1 Back,1,False,75.5,1,76,75,1,3,4,False,True,0.8,,193,,61.858974358974365,True,0
Jaden Dumdumaya,T193,193,True,United States of America,+11,False,-129,Lake,72,2,Ocean,Front,79,9,151,Lake→Ocean,5,4,3,4,3,5,4,4,4,4,4,5,3,3,3,5,5,4,36,36,4,3,6,5,3,4,4,4,4,4,6,4,4,6,6,4,3,5,37,42,0.0,2.0,12.0,4.0,0.0,0.0,0.0,12.0,3.0,3.0,36,R1 Front,7,False,75.5,7,72,79,-7,0,-5,False,False,-1.4,,193,,61.858974358974365,True,0
Kobe Valociek,T193,193,True,United States of America,+11,False,-129,Ocean,71,1,Lake,Front,80,10,151,Ocean→Lake,5,3,4,5,3,4,5,4,4,2,5,4,4,4,4,5,3,3,37,34,5,4,4,5,4,5,3,4,4,5,4,6,2,5,3,6,6,5,38,42,0.0,2.0,13.0,3.0,0.0,0.0,2.0,5.0,10.0,1.0,34,R1 Back,9,False,75.5,9,80,71,9,3,-4,False,False,-1.8,,193,,61.858974358974365,True,0
Hunter Swanson,T193,193,True,United States of America,+11,False,-129,Lake,75,5,Ocean,Front,76,6,151,Lake→Ocean,6,5,4,4,4,4,4,3,4,4,5,5,3,4,3,5,4,4,38,37,5,3,4,5,3,4,7,3,4,3,4,5,4,4,5,4,3,6,38,38,0.0,1.0,12.0,4.0,1.0,0.0,2.0,11.0,3.0,2.0,37,R1 Back,1,False,75.5,1,75,76,-1,1,0,False,False,-0.2,,193,,61.858974358974365,True,0
Jackson Saroney,T193,193,True,United States of America,+11,False,-129,Ocean,78,8,Lake,Front,73,3,151,Ocean→Lake,5,3,5,5,2,5,5,5,4,4,6,4,5,5,4,4,3,4,39,39,5,4,4,4,5,4,3,4,4,4,4,5,3,4,3,6,4,3,37,36,0.0,1.0,8.0,9.0,0.0,0.0,3.0,9.0,6.0,0.0,36,R2 Back,-5,True,75.5,5,73,78,-5,0,1,False,True,2.0,,193,,61.858974358974365,True,0
Drew Kittleson,T193,193,True,United States of America,+11,False,-129,Ocean,77,7,Lake,Front,73,3,151,Ocean→Lake,5,4,4,5,3,4,3,4,4,3,7,5,4,6,5,4,3,4,36,41,6,3,3,5,4,5,4,3,5,4,5,4,3,4,3,4,5,4,38,36,0.0,1.0,11.0,4.0,2.0,0.0,2.0,11.0,4.0,1.0,36,R1 Front,-4,True,75.0,4,73,77,-4,-5,2,True,True,2.8,,193,,61.858974358974365,True,0
Tommy Hurst,T214,214,True,United States of America,+12,False,-150,Ocean,79,9,Lake,Back,73,3,152,Ocean→Lake,6,3,4,6,3,4,7,4,4,3,5,5,4,4,5,4,3,5,41,38,5,4,4,4,4,4,4,3,4,5,4,5,4,4,3,4,5,3,36,37,0.0,0.0,12.0,4.0,2.0,0.0,2.0,11.0,5.0,0.0,36,R2 Front,-6,True,76.0,6,73,79,-6,3,-1,False,False,1.2,,214,,68.58974358974359,True,0
Ryan Abuan,T214,214,True,United States of America,+12,False,-150,Lake,78,8,Ocean,Back,74,4,152,Lake→Ocean,5,5,3,5,4,4,3,4,4,5,4,6,3,4,3,5,5,6,37,41,4,2,4,4,3,4,6,3,6,4,5,5,4,4,5,4,3,4,36,38,0.0,1.0,10.0,5.0,2.0,0.0,3.0,10.0,3.0,2.0,36,R2 Front,-4,True,76.0,4,78,74,4,-4,-2,True,False,1.8,,214,,68.58974358974359,True,0
Grant Doggett,T214,214,True,United States of America,+12,False,-150,Lake,77,7,Ocean,Front,75,5,152,Lake→Ocean,5,5,4,5,4,4,4,4,4,4,4,5,3,4,3,5,5,5,39,38,4,3,6,5,3,5,4,4,4,4,5,4,3,4,4,5,3,5,38,37,0.0,0.0,11.0,7.0,0.0,0.0,1.0,12.0,4.0,1.0,37,R2 Back,-2,True,76.0,2,77,75,2,1,1,False,True,1.4,,214,,68.58974358974359,True,0
Rylan Johnson,T214,214,True,United States of America,+12,False,-150,Lake,81,11,Ocean,Back,71,1,152,Lake→Ocean,7,4,4,6,6,4,4,3,4,4,4,5,3,4,3,5,5,6,42,39,4,3,4,5,3,4,4,4,3,3,4,5,5,5,4,4,3,4,34,37,0.0,0.0,12.0,2.0,4.0,0.0,2.0,13.0,3.0,0.0,34,R2 Front,-10,True,76.0,10,81,71,10,3,-3,False,False,2.0,,214,,68.58974358974359,True,0
Michael La Sasso,T214,214,True,United States of America,+12,False,-150,Lake,78,8,Ocean,Back,74,4,152,Lake→Ocean,5,4,4,5,4,4,4,4,4,5,5,4,2,4,3,7,6,4,38,40,4,4,5,4,3,5,6,4,4,4,4,4,3,4,5,4,3,4,39,35,0.0,1.0,9.0,7.0,1.0,0.0,3.0,9.0,5.0,1.0,35,R2 Back,-4,True,76.0,4,78,74,4,-2,4,True,True,2.8,,214,,68.58974358974359,True,0
Michael Crocker,T214,214,True,United States of America,+12,False,-150,Ocean,78,8,Lake,Front,74,4,152,Ocean→Lake,4,6,6,5,3,4,4,4,4,3,5,4,4,4,5,4,4,5,40,38,4,4,3,5,5,4,3,5,4,4,4,3,3,4,4,5,5,5,37,37,0.0,0.0,13.0,3.0,2.0,0.0,2.0,11.0,4.0,1.0,37,R2 Front,-4,True,76.0,4,74,78,-4,2,0,False,False,0.8,,214,,68.58974358974359,True,0
Chad Niezing,T214,214,True,United States of America,+12,False,-150,Ocean,76,6,Lake,Back,76,6,152,Ocean→Lake,5,4,6,5,3,4,4,4,4,3,5,5,4,4,5,4,3,4,39,37,3,5,4,5,4,4,4,2,4,5,5,5,3,4,3,6,6,4,35,41,0.0,0.0,13.0,4.0,1.0,0.0,2.0,8.0,8.0,0.0,35,R2 Front,0,False,76.0,0,76,76,0,2,-6,False,False,0.0,,214,,68.58974358974359,True,0
AJ Fitzgerald,T214,214,True,United States of America,+12,False,-150,Ocean,79,9,Lake,Front,73,3,152,Ocean→Lake,5,4,4,4,3,4,6,5,4,5,6,4,4,6,4,4,3,4,39,40,5,5,3,4,5,6,3,3,4,4,4,4,3,4,3,4,5,4,38,35,0.0,1.0,10.0,4.0,3.0,0.0,2.0,12.0,3.0,1.0,35,R2 Back,-6,True,76.0,6,73,79,-6,-1,3,True,True,3.2,,214,,68.58974358974359,True,0
Benjamin Reuter,T214,214,True,Netherlands,+12,False,-150,Lake,73,3,Ocean,Front,79,9,152,Lake→Ocean,4,4,3,4,5,4,5,4,3,5,6,4,3,3,3,5,4,4,36,37,4,3,4,5,3,8,4,4,4,6,5,5,4,4,4,4,3,5,39,40,0.0,3.0,10.0,4.0,1.0,0.0,0.0,14.0,2.0,2.0,36,R1 Front,6,False,76.0,6,73,79,-6,-1,-1,True,False,-0.19999999999999996,,214,,68.58974358974359,True,0
Ethan Fang,T214,214,True,United States of America,+12,False,-150,Ocean,73,3,Lake,Back,79,9,152,Ocean→Lake,5,3,5,5,3,4,4,4,4,3,5,5,4,4,4,4,4,3,37,36,5,5,5,5,5,5,5,4,4,5,4,4,3,4,3,5,4,4,43,36,0.0,1.0,13.0,4.0,0.0,0.0,1.0,8.0,8.0,1.0,36,R1 Back,6,False,76.0,6,79,73,6,1,7,False,True,-0.19999999999999996,,214,,68.58974358974359,True,0
Cody Massa,T214,214,True,United States of America,+12,False,-150,Ocean,76,6,Lake,Back,76,6,152,Ocean→Lake,5,4,4,5,3,4,4,4,4,3,5,4,4,6,4,5,4,4,37,39,6,7,4,4,5,5,4,3,3,5,4,3,2,3,3,5,5,5,41,35,0.0,0.0,13.0,4.0,1.0,0.0,4.0,7.0,5.0,2.0,35,R2 Back,0,False,76.0,0,76,76,0,-2,6,True,True,2.0,,214,,68.58974358974359,True,0
Ethan Evans,T214,214,True,United States of America,+12,False,-150,Ocean,74,4,Lake,Back,78,8,152,Ocean→Lake,4,3,4,4,4,6,4,6,4,3,5,4,3,4,6,4,3,3,39,35,4,3,4,5,5,6,3,4,3,4,5,5,4,4,3,7,5,4,37,41,0.0,3.0,11.0,1.0,3.0,0.0,3.0,6.0,7.0,2.0,35,R1 Back,4,False,76.0,4,78,74,4,4,-4,False,False,-0.8,,214,,68.58974358974359,True,0
Connor Doyal,T214,214,True,United States of America,+12,False,-150,Lake,73,3,Ocean,Back,79,9,152,Lake→Ocean,4,5,3,4,4,5,4,4,4,4,4,5,3,5,3,4,4,4,37,36,5,3,5,6,3,4,4,5,4,3,9,4,4,5,4,4,3,4,39,40,0.0,2.0,11.0,5.0,0.0,0.0,0.0,12.0,5.0,1.0,36,R1 Back,6,False,76.0,6,73,79,-6,1,-1,False,False,-1.2,,214,,68.58974358974359,True,0
William Ma,T214,214,True,United States of America,+12,False,-150,Ocean,75,5,Lake,Front,77,7,152,Ocean→Lake,5,4,5,5,3,5,4,4,4,4,5,4,4,4,5,5,2,3,39,36,4,4,4,4,5,6,4,4,4,5,3,5,3,3,3,6,5,5,39,38,0.0,2.0,9.0,7.0,0.0,0.0,2.0,8.0,7.0,1.0,36,R1 Back,2,False,76.0,2,77,75,2,3,1,False,True,0.6,,214,,68.58974358974359,True,0
Nathaniel Frink,T214,214,True,United States of America,+12,False,-150,Lake,78,8,Ocean,Front,74,4,152,Lake→Ocean,5,4,4,4,5,5,4,4,4,4,4,5,3,4,3,6,5,5,39,39,5,3,4,5,2,5,6,3,4,4,5,4,4,4,4,4,4,4,37,37,0.0,0.0,10.0,8.0,0.0,0.0,2.0,11.0,4.0,1.0,37,R2 Front,-4,True,76.0,4,78,74,4,0,0,False,False,0.8,,214,,68.58974358974359,True,0
Brad Nurski,T214,214,True,United States of America,+12,False,-150,Lake,76,6,Ocean,Back,76,6,152,Lake→Ocean,4,4,3,3,5,6,5,3,4,4,4,4,5,4,3,6,5,4,37,39,6,3,4,6,3,4,4,4,4,4,4,4,4,5,4,4,4,5,38,38,0.0,1.0,12.0,3.0,2.0,0.0,1.0,11.0,5.0,1.0,37,R1 Front,0,False,76.0,0,76,76,0,-2,0,True,False,1.0,,214,,68.58974358974359,True,0
Mike Hearne,T214,214,True,Wales,+12,False,-150,Ocean,80,10,Lake,Back,73,3,153,Ocean→Lake,4,3,4,5,3,7,4,4,5,3,5,5,4,5,5,4,4,6,39,41,5,4,3,4,5,4,4,4,3,4,4,4,4,4,3,5,5,4,36,37,0.0,0.0,11.0,5.0,2.0,0.0,1.0,13.0,4.0,0.0,36,R2 Front,-7,True,76.5,7,73,80,-7,-2,-1,True,False,2.4,,214,,68.58974358974359,True,0
Carson Brewer,T231,231,True,United States of America,+13,False,-167,Lake,76,6,Ocean,Back,77,7,153,Lake→Ocean,5,5,3,4,5,4,4,4,5,4,5,4,3,3,3,6,5,4,39,37,5,3,4,5,3,4,4,3,3,4,5,5,5,6,5,5,3,5,34,43,0.0,1.0,10.0,7.0,0.0,0.0,2.0,8.0,7.0,1.0,34,R2 Front,1,False,76.5,1,76,77,-1,2,-9,False,False,-0.2,,231,,74.03846153846155,True,0
Aaron Sorkin,T231,231,True,United States of America,+13,False,-167,Ocean,77,7,Lake,Back,76,6,153,Ocean→Lake,5,5,4,5,3,6,4,3,4,3,5,4,3,5,5,4,3,6,39,38,5,5,3,4,5,4,5,3,4,5,5,4,3,4,3,5,5,4,38,38,0.0,2.0,10.0,3.0,3.0,0.0,0.0,12.0,6.0,0.0,38,R1 Back,-1,True,76.5,1,76,77,-1,1,0,False,False,0.2,,231,,74.03846153846155,True,0
Thomas Herholtz,T231,231,True,United States of America,+13,False,-167,Lake,77,7,Ocean,Front,76,6,153,Lake→Ocean,5,4,3,5,5,5,5,2,4,4,4,5,3,6,3,5,6,3,38,39,5,4,3,5,3,5,4,4,4,4,7,5,3,5,4,4,3,4,37,39,0.0,2.0,8.0,7.0,1.0,0.0,2.0,9.0,6.0,1.0,37,R2 Front,-1,True,76.5,1,77,76,1,-1,-2,True,False,1.2,,231,,74.03846153846155,True,0
Hugo Le Goff,T231,231,True,France,+13,False,-167,Ocean,79,9,Lake,Back,74,4,153,Ocean→Lake,4,4,4,4,5,4,4,6,4,4,5,5,4,5,5,4,4,4,39,40,5,5,3,4,5,4,5,3,4,4,4,4,3,4,3,6,4,4,38,36,0.0,1.0,9.0,6.0,2.0,0.0,1.0,12.0,5.0,0.0,36,R2 Back,-5,True,76.5,5,74,79,-5,-1,2,True,True,3.0,,231,,74.03846153846155,True,0
Joe Wilson IV,T231,231,True,United States of America,+13,False,-167,Ocean,78,8,Lake,Back,75,5,153,Ocean→Lake,5,4,4,6,4,4,4,4,4,4,5,5,4,4,4,4,4,5,39,39,5,4,4,4,5,4,3,4,5,4,4,5,4,4,3,4,6,3,38,37,0.0,0.0,10.0,8.0,0.0,0.0,3.0,7.0,8.0,0.0,37,R2 Back,-3,True,76.5,3,75,78,-3,0,1,False,True,1.6,,231,,74.03846153846155,True,0
Logan Zurn,T231,231,True,United States of America,+13,False,-167,Lake,78,8,Ocean,Front,75,5,153,Lake→Ocean,5,6,5,4,5,4,4,3,5,4,4,5,3,4,2,6,5,4,41,37,5,4,4,5,3,6,5,3,4,3,4,4,5,5,4,4,3,4,39,36,0.0,1.0,10.0,5.0,2.0,0.0,2.0,10.0,5.0,1.0,36,R2 Back,-3,True,76.5,3,78,75,3,4,3,False,True,1.6,,231,,74.03846153846155,True,0
Ryan Wilkins,T231,231,True,United States of America,+13,False,-167,Lake,78,8,Ocean,Back,75,5,153,Lake→Ocean,7,4,3,5,4,4,4,3,4,4,5,4,4,6,2,6,4,5,38,40,5,3,4,5,4,3,4,5,5,3,5,5,6,4,4,4,3,3,38,37,0.0,2.0,9.0,5.0,2.0,0.0,2.0,10.0,5.0,1.0,37,R2 Back,-3,True,76.5,3,78,75,3,-2,1,True,True,2.6,,231,,74.03846153846155,True,0
Cooper Paull,T231,231,True,United States of America,+13,False,-167,Ocean,76,6,Lake,Front,77,7,153,Ocean→Lake,5,3,3,5,4,4,4,4,4,3,6,5,4,5,5,4,4,4,36,40,4,4,3,4,5,5,4,4,4,3,5,4,4,4,4,6,6,4,37,40,0.0,1.0,10.0,7.0,0.0,0.0,1.0,9.0,8.0,0.0,36,R1 Front,1,False,76.5,1,77,76,1,-4,-3,True,False,0.8,,231,,74.03846153846155,True,0
Hayes Brown,T231,231,True,United States of America,+13,False,-167,Lake,78,8,Ocean,Back,75,5,153,Lake→Ocean,5,4,3,4,4,5,3,6,5,4,3,5,4,5,3,5,6,4,39,39,6,4,4,5,5,4,3,4,4,3,5,5,3,4,5,4,3,4,39,36,0.0,2.0,8.0,7.0,1.0,0.0,2.0,11.0,3.0,2.0,36,R2 Back,-3,True,76.5,3,78,75,3,0,3,False,True,1.6,,231,,74.03846153846155,True,0
Tomi Bowen,T231,231,True,Wales,+13,False,-167,Lake,80,10,Ocean,Front,73,3,153,Lake→Ocean,5,5,3,4,4,6,5,4,4,5,4,5,3,3,4,5,6,5,40,40,5,4,4,4,4,4,4,4,4,4,4,3,4,4,5,4,3,5,37,36,0.0,1.0,7.0,9.0,1.0,0.0,3.0,9.0,6.0,0.0,36,R2 Back,-7,True,76.5,7,80,73,7,0,1,False,True,2.4,,231,,74.03846153846155,True,0
Sam Jackson,T231,231,True,United States of America,+13,False,-167,Lake,82,12,Ocean,Back,71,1,153,Lake→Ocean,5,5,5,5,6,4,4,4,5,4,4,6,4,4,3,5,5,4,43,39,4,4,4,4,4,3,4,4,4,3,5,4,5,3,4,4,4,4,35,36,0.0,0.0,9.0,6.0,3.0,0.0,3.0,11.0,4.0,0.0,35,R2 Front,-11,True,76.5,11,82,71,11,4,-1,False,False,2.2,,231,,74.03846153846155,True,0
Coy Dobson,T231,231,True,United States of America,+13,False,-167,Ocean,78,8,Lake,Back,75,5,153,Ocean→Lake,5,3,4,5,3,4,4,4,5,3,8,6,3,5,4,4,3,5,37,41,5,4,5,4,5,4,4,4,3,5,3,4,3,5,3,6,4,4,38,37,0.0,1.0,11.0,4.0,2.0,0.0,3.0,8.0,6.0,1.0,37,R1 Front,-3,True,76.5,3,75,78,-3,-4,1,True,True,2.6,,231,,74.03846153846155,True,0
Kaleb Wilson,T231,231,True,United States of America,+13,False,-167,Ocean,75,5,Lake,Front,78,8,153,Ocean→Lake,4,4,4,5,2,7,4,4,5,3,5,4,4,5,4,4,3,4,39,36,5,5,4,4,4,6,4,3,5,4,4,4,3,3,4,7,5,4,40,38,0.0,1.0,13.0,3.0,1.0,0.0,1.0,10.0,5.0,2.0,36,R1 Back,3,False,76.5,3,78,75,3,3,2,False,True,0.4,,231,,74.03846153846155,True,0
Trent Virden,T231,231,True,United States of America,+13,False,-167,Ocean,73,3,Lake,Front,80,10,153,Ocean→Lake,4,4,6,4,3,3,5,4,4,4,5,5,3,4,4,4,3,4,37,36,5,4,4,4,7,4,4,4,4,4,4,6,3,4,2,7,5,5,40,40,0.0,3.0,10.0,4.0,1.0,0.0,1.0,10.0,4.0,3.0,36,R1 Back,7,False,76.5,7,80,73,7,1,0,False,False,-1.4,,231,,74.03846153846155,True,0
Luke Sample,T231,231,True,United States of America,+13,False,-167,Lake,75,5,Ocean,Back,78,8,153,Lake→Ocean,5,4,4,3,4,4,5,3,4,4,5,4,4,4,3,6,5,4,36,39,5,4,5,5,3,5,5,4,4,3,4,4,4,5,6,4,3,5,40,38,0.0,1.0,11.0,6.0,0.0,0.0,1.0,9.0,7.0,1.0,36,R1 Front,3,False,76.5,3,75,78,-3,-3,2,True,True,1.4,,231,,74.03846153846155,True,0
Jake Olson,T231,231,True,United States of America,+13,False,-167,Ocean,75,5,Lake,Back,78,8,153,Ocean→Lake,7,4,5,6,2,5,4,4,4,3,5,3,4,4,4,4,3,4,41,34,4,4,3,4,5,8,4,3,6,6,4,5,3,3,2,5,5,4,41,37,0.0,2.0,11.0,4.0,1.0,0.0,2.0,11.0,2.0,3.0,34,R1 Back,3,False,76.5,3,78,75,3,7,4,False,True,0.4,,231,,74.03846153846155,True,0
Nicholas Gross,T231,231,True,United States of America,+13,False,-167,Lake,79,9,Ocean,Front,74,4,153,Lake→Ocean,5,4,4,4,6,5,4,3,5,4,5,5,3,4,3,5,6,4,40,39,4,3,4,5,3,3,4,5,6,3,8,3,3,4,4,5,3,4,37,37,0.0,0.0,10.0,7.0,1.0,0.0,3.0,11.0,2.0,2.0,37,R2 Front,-5,True,76.5,5,79,74,5,1,0,False,False,1.0,,231,,74.03846153846155,True,0
TJ Barger,T231,231,True,United States of America,+13,False,-167,Lake,76,6,Ocean,Back,77,7,153,Lake→Ocean,6,5,4,3,5,5,4,3,4,4,4,4,4,4,3,5,5,4,39,37,5,4,4,6,4,4,4,6,4,3,5,4,4,5,4,4,3,4,41,36,0.0,1.0,11.0,5.0,1.0,0.0,0.0,12.0,5.0,1.0,36,R2 Back,1,False,76.5,1,76,77,-1,2,5,False,True,0.8,,231,,74.03846153846155,True,0
Harris Barth,T231,231,True,United States of America,+13,False,-167,Ocean,76,6,Lake,Front,76,6,153,Ocean→Lake,4,3,4,5,2,4,6,4,4,2,5,5,5,5,4,5,3,6,36,40,7,4,3,4,4,4,3,3,5,4,4,5,4,4,2,7,6,4,37,40,0.0,2.0,10.0,4.0,2.0,0.0,2.0,10.0,4.0,2.0,36,R1 Front,0,False,76.0,0,76,76,0,-4,-3,True,False,1.0,,231,,74.03846153846155,True,0
Andy Sajevic,T250,250,True,United States of America,+14,False,-186,Lake,79,9,Ocean,Back,75,5,154,Lake→Ocean,5,6,5,4,4,5,4,3,3,4,7,5,3,4,4,4,5,4,39,40,5,3,4,5,2,4,6,4,4,3,5,5,5,4,5,4,3,4,37,38,0.0,2.0,9.0,4.0,3.0,0.0,1.0,12.0,4.0,1.0,37,R2 Front,-4,True,77.0,4,79,75,4,-1,-1,True,False,1.8,,250,,80.12820512820514,True,0
Connor Williams,T250,250,True,United States of America,+14,False,-186,Ocean,69,-1,Lake,Back,85,15,154,Ocean→Lake,4,3,4,5,3,4,3,4,3,3,5,4,4,5,4,3,3,5,33,36,4,4,3,5,5,4,7,4,5,5,5,4,3,6,3,5,5,8,41,44,0.0,3.0,13.0,2.0,0.0,0.0,0.0,9.0,6.0,3.0,33,R1 Front,16,False,77.0,16,85,69,16,-3,-3,True,False,-2.2,,250,,80.12820512820514,True,0
Arrow Aarav Shah,T250,250,True,Australia,+14,False,-186,Ocean,78,8,Lake,Front,76,6,154,Ocean→Lake,5,5,4,4,4,5,5,5,4,5,5,5,4,3,4,4,4,3,41,37,4,4,4,4,5,5,4,4,5,5,4,4,2,4,3,5,5,5,39,37,0.0,3.0,6.0,7.0,2.0,0.0,1.0,10.0,7.0,0.0,37,R1 Back,-2,True,77.0,2,76,78,-2,4,2,False,True,1.4,,250,,80.12820512820514,True,0
Alex Holder,T250,250,True,United States of America,+14,False,-186,Ocean,77,7,Lake,Back,77,7,154,Ocean→Lake,6,4,5,5,4,5,4,4,4,3,4,3,4,5,4,5,3,5,41,36,6,6,3,4,4,4,5,4,5,4,3,4,3,4,3,5,5,5,41,36,0.0,2.0,8.0,7.0,1.0,0.0,1.0,11.0,4.0,2.0,36,R1 Back,0,False,77.0,0,77,77,0,5,5,False,True,1.0,,250,,80.12820512820514,True,0
Jordan Less,T250,250,True,United States of America,+14,False,-186,Ocean,76,6,Lake,Back,78,8,154,Ocean→Lake,5,3,5,4,3,5,5,4,3,5,6,4,5,4,4,4,3,4,37,39,6,4,4,4,5,6,4,4,4,5,4,5,2,4,3,6,5,3,41,37,0.0,2.0,9.0,6.0,1.0,0.0,2.0,8.0,6.0,2.0,37,R1 Front,2,False,77.0,2,78,76,2,-2,4,True,True,1.6,,250,,80.12820512820514,True,0
Brody Leid,T250,250,True,United States of America,+14,False,-186,Ocean,74,4,Lake,Back,80,10,154,Ocean→Lake,4,4,4,5,3,5,6,4,4,3,5,4,4,4,4,4,3,4,39,35,4,5,4,5,4,4,4,3,4,5,4,5,4,4,4,7,6,4,37,43,0.0,0.0,15.0,2.0,1.0,0.0,0.0,9.0,8.0,1.0,35,R1 Back,6,False,77.0,6,80,74,6,4,-6,False,False,-1.2,,250,,80.12820512820514,True,0
Smith Summerlin,T250,250,True,United States of America,+14,False,-186,Lake,75,5,Ocean,Back,79,9,154,Lake→Ocean,5,5,3,4,6,4,4,3,5,4,4,5,3,4,3,5,4,4,39,36,6,3,5,4,3,4,6,4,4,5,5,4,5,4,5,4,4,4,39,40,0.0,1.0,12.0,4.0,1.0,0.0,1.0,10.0,4.0,3.0,36,R1 Back,4,False,77.0,4,75,79,-4,3,-1,False,False,-0.8,,250,,80.12820512820514,True,0
Phillip Kench,T250,250,True,United States of America,+14,False,-186,Lake,79,9,Ocean,Back,75,5,154,Lake→Ocean,5,3,3,4,5,6,4,5,4,4,5,4,4,4,3,6,5,5,39,40,5,4,5,5,2,5,4,4,4,4,4,4,4,5,4,5,3,4,38,37,0.0,1.0,9.0,6.0,2.0,0.0,2.0,9.0,7.0,0.0,37,R2 Back,-4,True,77.0,4,79,75,4,-1,1,True,True,2.8,,250,,80.12820512820514,True,0
Nicholas Turowski,T250,250,True,United States of America,+14,False,-186,Ocean,73,3,Lake,Front,81,11,154,Ocean→Lake,4,3,4,5,4,3,4,4,3,3,5,6,5,4,4,4,4,4,34,39,5,4,3,5,4,4,3,4,4,4,5,9,5,3,4,6,5,4,36,45,0.0,2.0,12.0,3.0,1.0,0.0,2.0,8.0,6.0,2.0,34,R1 Front,8,False,77.0,8,81,73,8,-5,-9,True,False,-0.6000000000000001,,250,,80.12820512820514,True,0
Jake Moffitt,T250,250,True,United States of America,+14,False,-186,Ocean,78,8,Lake,Back,76,6,154,Ocean→Lake,5,4,5,4,2,4,4,5,4,3,5,4,5,4,6,6,3,5,37,41,5,4,3,5,4,4,4,3,4,4,3,5,3,5,4,6,5,5,36,40,0.0,2.0,8.0,6.0,2.0,0.0,1.0,10.0,7.0,0.0,36,R2 Front,-2,True,77.0,2,76,78,-2,-4,-4,True,False,1.4,,250,,80.12820512820514,True,0
Ron Whittaker,T250,250,True,United States of America,+14,False,-186,Lake,79,9,Ocean,Front,75,5,154,Lake→Ocean,5,5,4,5,6,3,4,4,4,3,4,5,3,4,4,6,5,5,40,39,5,3,5,8,3,4,4,4,4,3,6,4,4,3,3,4,3,5,40,35,0.0,2.0,6.0,9.0,1.0,0.0,2.0,11.0,4.0,1.0,35,R2 Back,-4,True,77.0,4,79,75,4,1,5,False,True,1.8,,250,,80.12820512820514,True,0
Warren Thomis,T261,261,True,United States of America,+15,False,-197,Lake,80,10,Ocean,Front,75,5,155,Lake→Ocean,5,6,3,4,7,4,4,3,4,4,4,6,3,4,3,4,6,6,40,40,5,4,4,5,3,4,4,6,3,3,5,4,4,5,5,4,3,4,38,37,0.0,1.0,11.0,2.0,4.0,0.0,1.0,12.0,4.0,1.0,37,R2 Back,-5,True,77.5,5,80,75,5,0,1,False,True,2.0,,261,,83.65384615384616,True,0
Matthew Armstrong,T261,261,True,United States of America,+15,False,-197,Lake,79,9,Ocean,Back,76,6,155,Lake→Ocean,5,3,4,5,5,5,4,4,4,4,5,3,5,5,4,5,5,4,39,40,6,3,4,5,3,4,4,4,5,4,5,5,3,6,4,4,3,4,38,38,0.0,2.0,6.0,9.0,1.0,0.0,1.0,12.0,3.0,2.0,38,R2 Front,-3,True,77.5,3,79,76,3,-1,0,True,False,1.6,,261,,83.65384615384616,True,0
Bryan Lee,T261,261,True,United States of America,+15,False,-197,Lake,76,6,Ocean,Back,79,9,155,Lake→Ocean,5,4,3,3,5,4,4,3,5,5,4,4,4,5,3,5,5,5,36,40,7,4,5,5,3,4,4,5,3,4,7,4,3,5,4,4,4,4,40,39,0.0,1.0,10.0,7.0,0.0,0.0,2.0,8.0,6.0,2.0,36,R1 Front,3,False,77.5,3,76,79,-3,-4,1,True,True,1.4,,261,,83.65384615384616,True,0
Eli Spaulding,T261,261,True,United States of America,+15,False,-197,Lake,81,11,Ocean,Back,74,4,155,Lake→Ocean,5,4,4,5,5,5,5,4,4,4,4,5,4,4,5,4,6,4,41,40,4,3,5,5,3,6,5,4,3,3,4,5,5,4,4,5,3,3,38,36,0.0,1.0,6.0,10.0,1.0,0.0,3.0,9.0,5.0,1.0,36,R2 Back,-7,True,77.5,7,81,74,7,1,2,False,True,2.4,,261,,83.65384615384616,True,0
Alvaro Muller Baumgart,T261,261,True,Spain,+15,False,-197,Ocean,79,9,Lake,Front,76,6,155,Ocean→Lake,4,4,4,6,2,5,4,7,4,3,8,4,3,4,4,5,2,6,40,39,5,6,5,3,4,5,4,3,4,4,5,4,3,4,3,6,4,4,39,37,0.0,3.0,8.0,4.0,3.0,0.0,2.0,10.0,4.0,2.0,37,R2 Back,-3,True,77.5,3,76,79,-3,1,2,False,True,1.6,,261,,83.65384615384616,True,0
Todd White,T261,261,True,United States of America,+15,False,-197,Lake,81,11,Ocean,Front,74,4,155,Lake→Ocean,4,4,3,6,6,4,5,4,7,4,4,5,3,4,3,6,5,4,43,38,4,4,5,5,4,4,4,4,4,3,6,4,4,3,4,4,4,4,38,36,0.0,0.0,11.0,4.0,3.0,0.0,1.0,12.0,5.0,0.0,36,R2 Back,-7,True,77.5,7,81,74,7,5,2,False,True,2.4,,261,,83.65384615384616,True,0
Nate Stevens,T261,261,True,United States of America,+15,False,-197,Ocean,80,10,Lake,Front,75,5,155,Ocean→Lake,6,4,4,5,3,5,4,5,5,3,6,4,4,4,5,4,4,5,41,39,4,4,4,5,5,4,4,4,6,3,4,5,3,4,2,5,5,4,40,35,0.0,0.0,9.0,8.0,1.0,0.0,2.0,10.0,5.0,1.0,35,R2 Back,-5,True,77.5,5,75,80,-5,2,5,False,True,2.0,,261,,83.65384615384616,True,0
Victor Caliguri,T261,261,True,United States of America,+15,False,-197,Lake,74,4,Ocean,Back,81,11,155,Lake→Ocean,5,5,3,4,4,4,4,3,6,4,4,4,4,4,3,5,4,4,38,36,4,3,4,5,3,6,5,5,3,4,4,6,5,5,5,5,4,5,38,43,0.0,1.0,13.0,3.0,1.0,0.0,2.0,5.0,9.0,2.0,36,R1 Back,7,False,77.5,7,74,81,-7,2,-5,False,False,-1.4,,261,,83.65384615384616,True,0
Toby Wilt,T261,261,True,United States of America,+15,False,-197,Lake,78,8,Ocean,Front,77,7,155,Lake→Ocean,6,3,4,5,5,5,4,4,4,4,4,5,4,4,3,5,5,4,40,38,5,3,5,6,4,5,4,5,4,4,5,4,3,3,4,5,4,4,41,36,0.0,1.0,9.0,7.0,1.0,0.0,2.0,7.0,9.0,0.0,36,R2 Back,-1,True,77.5,1,78,77,1,2,5,False,True,1.2,,261,,83.65384615384616,True,0
Matt Parziale,T261,261,True,United States of America,+15,False,-197,Lake,76,6,Ocean,Back,79,9,155,Lake→Ocean,6,4,4,5,4,5,4,5,4,4,4,4,3,4,3,5,3,5,41,35,5,4,4,5,4,4,4,4,4,3,5,5,6,3,6,6,3,4,38,41,1.0,0.0,11.0,4.0,2.0,0.0,1.0,10.0,4.0,3.0,35,R1 Back,3,False,77.5,3,76,79,-3,6,-3,False,False,-0.6,,261,,83.65384615384616,True,0
Pierce Grieve,T261,261,True,United States of America,+15,False,-197,Ocean,78,8,Lake,Back,75,5,153,Ocean→Lake,6,4,5,5,4,5,4,4,4,3,5,5,4,4,5,4,4,3,41,37,4,4,4,4,5,5,4,4,4,4,4,5,3,4,3,6,5,3,38,37,0.0,1.0,9.0,7.0,1.0,0.0,1.0,11.0,6.0,0.0,37,R1 Back,-3,True,76.5,3,75,78,-3,4,1,False,True,1.6,,261,,83.65384615384616,True,0
Ben Cors,T272,272,True,United States of America,+16,False,-208,Lake,83,13,Ocean,Back,73,3,156,Lake→Ocean,7,5,3,5,4,5,6,4,4,5,4,4,4,4,4,5,5,5,43,40,4,3,4,4,2,4,4,4,4,3,5,4,4,5,5,4,3,7,33,40,0.0,0.0,8.0,8.0,2.0,0.0,2.0,13.0,2.0,1.0,33,R2 Front,-10,True,78.0,10,83,73,10,3,-7,False,False,2.0,,272,,87.17948717948718,True,0
Keenan Royalty,T272,272,True,United States of America,+16,False,-208,Ocean,77,7,Lake,Front,79,9,156,Ocean→Lake,4,4,4,6,4,5,5,4,4,3,6,4,4,4,5,4,4,3,40,37,5,4,5,5,5,6,3,4,4,4,4,4,5,4,3,5,5,4,41,38,0.0,1.0,9.0,8.0,0.0,0.0,1.0,10.0,4.0,3.0,37,R1 Back,2,False,78.0,2,79,77,2,3,3,False,True,0.6,,272,,87.17948717948718,True,0
Luke Brandler,T272,272,True,Hong Kong China,+16,False,-208,Ocean,82,12,Lake,Back,74,4,156,Ocean→Lake,4,4,5,5,4,4,5,4,6,4,5,5,5,5,4,4,4,5,41,41,5,4,4,6,3,4,4,3,5,4,4,4,3,4,3,4,5,5,38,36,0.0,0.0,7.0,10.0,1.0,0.0,2.0,11.0,4.0,1.0,36,R2 Back,-8,True,78.0,8,74,82,-8,0,2,False,True,2.6,,272,,87.17948717948718,True,0
Tim Hegarty,T272,272,True,United States of America,+16,False,-208,Lake,78,8,Ocean,Back,78,8,156,Lake→Ocean,5,5,3,5,3,5,5,4,4,4,5,5,3,4,3,6,5,4,39,39,5,4,4,6,4,4,4,4,4,3,5,6,5,4,3,5,3,5,39,39,0.0,1.0,8.0,9.0,0.0,0.0,1.0,9.0,7.0,1.0,39,R1 Front,0,False,78.0,0,78,78,0,0,0,False,False,0.0,,272,,87.17948717948718,True,0
Daniel Sullivan,T272,272,True,United States of America,+16,False,-208,Ocean,78,8,Lake,Back,78,8,156,Ocean→Lake,4,3,5,6,3,4,4,4,4,3,5,5,5,5,4,5,4,5,37,41,5,5,4,4,5,4,4,4,5,4,6,5,2,5,3,6,4,3,40,38,0.0,0.0,10.0,8.0,0.0,0.0,3.0,5.0,9.0,1.0,37,R1 Front,0,False,78.0,0,78,78,0,-4,2,True,True,2.0,,272,,87.17948717948718,True,0
Noah McWilliams,T272,272,True,United States of America,+16,False,-208,Ocean,77,7,Lake,Front,79,9,156,Ocean→Lake,5,4,5,5,3,6,3,5,4,4,5,4,4,4,4,4,3,5,40,37,6,4,4,3,5,4,4,4,5,4,5,4,4,4,4,5,6,4,39,40,0.0,1.0,10.0,6.0,1.0,0.0,1.0,8.0,8.0,1.0,37,R1 Back,2,False,78.0,2,79,77,2,3,-1,False,False,-0.4,,272,,87.17948717948718,True,0
Payton Taylor,T278,278,True,United States of America,+17,False,-214,Ocean,79,9,Lake,Front,78,8,157,Ocean→Lake,4,4,5,6,3,5,4,6,3,4,5,4,4,6,5,4,3,4,40,39,5,4,4,5,5,5,3,4,3,4,3,5,3,4,3,9,5,4,38,40,0.0,1.0,9.0,6.0,2.0,0.0,3.0,7.0,7.0,1.0,38,R2 Front,-1,True,78.5,1,78,79,-1,1,-2,False,False,0.2,,278,,89.1025641025641,True,0
Jacob Sosa,T278,278,True,United States of America,+17,False,-214,Lake,78,8,Ocean,Front,79,9,157,Lake→Ocean,5,4,5,3,6,4,4,3,3,4,4,4,5,4,3,5,5,7,37,41,6,5,4,5,3,4,5,4,4,3,5,4,4,5,4,5,3,6,40,39,0.0,2.0,11.0,1.0,4.0,0.0,0.0,12.0,3.0,3.0,37,R1 Front,1,False,78.5,1,78,79,-1,-4,1,True,True,1.8,,278,,89.1025641025641,True,0
Jaxon Bandelier,T278,278,True,United States of America,+17,False,-214,Ocean,79,9,Lake,Back,78,8,157,Ocean→Lake,7,3,5,5,3,4,4,3,6,4,4,3,4,4,5,6,4,5,40,39,6,3,4,4,5,5,4,4,5,4,5,5,3,3,3,5,6,4,40,38,0.0,3.0,7.0,5.0,3.0,0.0,2.0,7.0,8.0,1.0,38,R2 Back,-1,True,78.5,1,78,79,-1,1,2,False,True,1.2,,278,,89.1025641025641,True,0
Sebastian Kasun,T278,278,True,United States of America,+17,False,-214,Lake,81,11,Ocean,Front,76,6,157,Lake→Ocean,6,4,3,5,5,6,3,3,5,6,5,4,3,6,3,5,5,4,40,41,6,3,4,5,4,4,5,4,5,2,5,4,3,3,5,5,3,6,40,36,0.0,1.0,9.0,4.0,4.0,0.0,3.0,8.0,5.0,2.0,36,R2 Back,-5,True,78.5,5,81,76,5,-1,4,True,True,3.0,,278,,89.1025641025641,True,0
Josh Ince,T278,278,True,Canada,+17,False,-214,Lake,79,9,Ocean,Back,78,8,157,Lake→Ocean,6,4,4,5,4,3,3,4,3,5,5,4,4,4,4,6,7,4,36,43,4,5,4,5,3,7,4,4,4,5,6,4,4,4,3,5,3,4,40,38,0.0,3.0,5.0,8.0,2.0,0.0,1.0,12.0,2.0,3.0,36,R1 Front,-1,True,78.5,1,79,78,1,-7,2,True,True,2.2,,278,,89.1025641025641,True,0
Parker Paxton,T278,278,True,United States of America,+17,False,-214,Ocean,80,10,Lake,Back,77,7,157,Ocean→Lake,6,3,5,5,3,6,6,4,4,3,5,4,4,5,5,4,3,5,42,38,4,6,3,4,5,4,4,4,3,4,5,4,2,5,4,6,6,4,37,40,0.0,0.0,11.0,4.0,3.0,0.0,2.0,8.0,7.0,1.0,37,R2 Front,-3,True,78.5,3,77,80,-3,4,-3,False,False,0.6,,278,,89.1025641025641,True,0
Richard Teder,T278,278,True,Estonia,+17,False,-214,Ocean,73,3,Lake,Back,84,14,157,Ocean→Lake,5,3,4,5,3,3,4,4,5,4,6,4,3,4,4,4,3,5,36,37,5,5,4,4,5,6,5,4,5,4,3,6,3,5,3,6,6,5,43,41,0.0,2.0,11.0,5.0,0.0,0.0,1.0,4.0,11.0,2.0,36,R1 Front,11,False,78.5,11,84,73,11,-1,2,True,True,-0.20000000000000018,,278,,89.1025641025641,True,0
Kevin Gillick,T278,278,True,United States of America,+17,False,-214,Ocean,75,5,Lake,Back,82,12,157,Ocean→Lake,5,4,4,5,3,4,5,4,3,3,5,4,4,5,4,5,3,5,37,38,5,5,3,4,4,5,4,4,5,5,4,5,5,6,3,5,5,5,39,43,0.0,1.0,11.0,6.0,0.0,0.0,0.0,8.0,8.0,2.0,37,R1 Front,7,False,78.5,7,82,75,7,-1,-4,True,False,-0.3999999999999999,,278,,89.1025641025641,True,0
Peter Kim,T278,278,True,United States of America,+17,False,-214,Lake,75,5,Ocean,Front,82,12,157,Lake→Ocean,6,4,3,5,5,5,4,3,4,4,4,4,3,4,3,5,5,4,39,36,6,3,4,5,3,6,6,5,4,3,8,4,5,5,4,4,3,4,42,40,0.0,0.0,14.0,3.0,1.0,0.0,0.0,11.0,3.0,4.0,36,R1 Back,7,False,78.5,7,75,82,-7,3,2,False,True,-0.3999999999999999,,278,,89.1025641025641,True,0
Greg Sanders,T278,278,True,United States of America,+17,False,-214,Ocean,80,10,Lake,Back,77,7,157,Ocean→Lake,4,4,5,6,3,7,4,5,3,4,5,4,5,5,5,4,3,4,41,39,6,3,4,4,5,4,4,4,4,5,4,5,3,4,3,5,5,5,38,39,0.0,1.0,8.0,8.0,1.0,0.0,1.0,10.0,6.0,1.0,38,R2 Front,-3,True,78.5,3,77,80,-3,2,-1,False,False,0.6,,278,,89.1025641025641,True,0
Barnes Blake,T278,278,True,United States of America,+17,False,-214,Lake,77,7,Ocean,Front,80,10,157,Lake→Ocean,4,5,3,5,4,6,4,4,5,4,4,4,2,4,4,5,5,5,40,37,5,3,4,5,3,4,5,4,4,3,5,6,4,5,3,5,4,5,37,40,0.0,1.0,10.0,6.0,1.0,0.0,1.0,10.0,6.0,1.0,37,R1 Back,3,False,78.5,3,77,80,-3,3,-3,False,False,-0.6,,278,,89.1025641025641,True,0
Ty Adkins,T289,289,True,United States of America,+18,False,-225,Ocean,82,12,Lake,Back,76,6,158,Ocean→Lake,5,3,5,6,6,4,6,4,4,4,5,4,4,5,4,4,3,6,43,39,5,4,5,5,4,4,3,5,3,5,4,4,2,5,2,6,6,4,38,38,0.0,0.0,10.0,5.0,3.0,0.0,4.0,6.0,6.0,2.0,38,R2 Front,-6,True,79.0,6,76,82,-6,4,0,False,False,1.2,,289,,92.62820512820514,True,0
Robi Calvesbert,T289,289,True,Puerto Rico,+18,False,-225,Ocean,80,10,Lake,Front,78,8,158,Ocean→Lake,6,3,4,5,4,4,3,4,6,3,5,5,5,5,6,3,4,5,39,41,5,4,4,4,4,4,6,3,5,6,4,4,4,3,3,5,5,5,39,39,0.0,2.0,7.0,6.0,3.0,0.0,1.0,10.0,5.0,2.0,39,R1 Front,-2,True,79.0,2,78,80,-2,-2,0,True,False,1.4,,289,,92.62820512820514,True,0
Fred Allen Meyer,T289,289,True,United States of America,+18,False,-225,Lake,79,9,Ocean,Front,79,9,158,Lake→Ocean,5,3,5,5,5,5,4,4,6,5,4,4,3,3,3,6,4,5,42,37,5,4,4,6,2,4,4,4,4,3,7,5,6,4,5,4,3,5,37,42,0.0,3.0,5.0,8.0,2.0,0.0,1.0,9.0,6.0,2.0,37,R1 Back,0,False,79.0,0,79,79,0,5,-5,False,False,0.0,,289,,92.62820512820514,True,0
Ben Gregg,T289,289,True,United States of America,+18,False,-225,Ocean,81,11,Lake,Front,77,7,158,Ocean→Lake,5,3,8,7,3,4,4,4,4,4,5,5,4,5,4,3,4,5,42,39,5,3,4,4,4,5,3,4,4,5,5,5,4,4,3,6,4,5,36,41,0.0,1.0,9.0,6.0,2.0,0.0,3.0,5.0,10.0,0.0,36,R2 Front,-4,True,79.0,4,77,81,-4,3,-5,False,False,0.8,,289,,92.62820512820514,True,0
Hunter Smith,T289,289,True,United States of America,+18,False,-225,Ocean,82,12,Lake,Back,76,6,158,Ocean→Lake,5,3,5,4,4,5,5,7,4,3,8,4,5,4,4,4,3,5,42,40,4,4,4,4,5,4,3,5,4,5,5,5,3,4,3,5,6,3,37,39,0.0,1.0,8.0,7.0,2.0,0.0,2.0,9.0,6.0,1.0,37,R2 Front,-6,True,79.0,6,76,82,-6,2,-2,False,False,1.2,,289,,92.62820512820514,True,0
Owen Elliott,T289,289,True,United States of America,+18,False,-225,Ocean,79,9,Lake,Front,79,9,158,Ocean→Lake,5,4,5,5,2,4,5,5,4,3,7,4,3,5,5,5,3,5,39,40,5,5,4,4,4,6,5,3,3,6,5,3,3,4,4,6,4,5,39,40,0.0,2.0,6.0,9.0,1.0,0.0,3.0,5.0,8.0,2.0,39,R1 Front,0,False,79.0,0,79,79,0,-1,-1,True,False,1.0,,289,,92.62820512820514,True,0
Matt Mitchell,T295,295,True,United States of America,+19,False,-231,Ocean,80,10,Lake,Front,79,9,159,Ocean→Lake,5,4,5,5,4,4,4,6,4,4,5,5,5,4,4,5,3,4,41,39,5,4,3,5,4,5,5,3,4,4,5,4,3,4,4,5,6,6,38,41,0.0,0.0,9.0,8.0,1.0,0.0,0.0,10.0,7.0,1.0,38,R2 Front,-1,True,79.5,1,79,80,-1,2,-3,False,False,0.2,,295,,94.55128205128204,True,0
Connor McNeely,T295,295,True,United States of America,+19,False,-231,Lake,77,7,Ocean,Back,82,12,159,Lake→Ocean,5,4,3,4,6,5,4,3,5,4,4,5,3,3,3,6,6,4,39,38,7,4,4,5,3,5,4,4,4,3,7,6,5,3,5,6,3,4,40,42,0.0,1.0,10.0,6.0,1.0,0.0,1.0,9.0,4.0,4.0,38,R1 Back,5,False,79.5,5,77,82,-5,1,-2,False,False,-1.0,,295,,94.55128205128204,True,0
Michael Winslow,T295,295,True,United States of America,+19,False,-231,Lake,83,13,Ocean,Front,76,6,159,Lake→Ocean,6,4,4,6,5,5,4,3,4,4,4,5,3,5,5,6,5,5,41,42,4,4,4,5,3,4,4,4,4,3,5,5,5,5,4,5,3,5,36,40,0.0,0.0,8.0,7.0,3.0,0.0,0.0,12.0,6.0,0.0,36,R2 Front,-7,True,79.5,7,83,76,7,-1,-4,True,False,2.4,,295,,94.55128205128204,True,0
Kevin Lydon,T295,295,True,United States of America,+19,False,-231,Ocean,84,14,Lake,Front,75,5,159,Ocean→Lake,5,6,5,5,4,4,4,4,4,4,6,4,4,4,5,4,4,8,41,43,4,5,4,4,4,5,4,4,4,4,4,4,3,5,2,5,6,4,38,37,0.0,0.0,9.0,7.0,2.0,0.0,1.0,11.0,6.0,0.0,37,R2 Back,-9,True,79.5,9,75,84,-9,-2,1,True,True,3.8,,295,,94.55128205128204,True,0
Peter Myers,T295,295,True,United States of America,+19,False,-231,Lake,79,9,Ocean,Front,80,10,159,Lake→Ocean,5,6,4,5,4,3,6,3,4,4,4,5,3,4,3,6,6,4,40,39,6,5,4,6,3,6,4,6,4,3,5,5,3,4,5,3,3,5,44,36,0.0,1.0,9.0,6.0,2.0,0.0,2.0,8.0,4.0,4.0,36,R2 Back,1,False,79.5,1,79,80,-1,1,8,False,True,0.8,,295,,94.55128205128204,True,0
Michael Walsh,T300,300,True,United States of America,+20,False,-236,Ocean,78,8,Lake,Back,82,12,160,Ocean→Lake,6,3,5,5,4,4,5,4,4,3,6,4,5,3,5,4,4,4,40,38,6,5,3,3,7,5,4,4,4,4,4,7,4,5,3,6,4,4,41,41,0.0,1.0,9.0,7.0,1.0,0.0,2.0,7.0,6.0,3.0,38,R1 Back,4,False,80.0,4,82,78,4,2,0,False,False,-0.8,,300,,96.15384615384616,True,0
Ben Haggin,T300,300,True,United States of America,+20,False,-236,Ocean,81,11,Lake,Front,79,9,160,Ocean→Lake,6,3,6,4,2,6,6,4,5,3,5,5,6,4,4,5,3,4,42,39,5,4,4,5,4,4,6,3,4,4,4,5,4,5,3,5,5,5,39,40,0.0,2.0,8.0,3.0,5.0,0.0,0.0,10.0,7.0,1.0,39,R1 Back,-2,True,80.0,2,79,81,-2,3,-1,False,False,0.4,,300,,96.15384615384616,True,0
Alejandro Fierro,T300,300,True,Mexico,+20,False,-236,Ocean,83,13,Lake,Back,77,7,160,Ocean→Lake,5,3,6,6,4,5,4,4,4,4,5,6,5,5,6,4,3,4,41,42,5,4,3,4,4,5,5,3,5,4,4,5,3,4,3,5,6,5,38,39,0.0,0.0,8.0,7.0,3.0,0.0,0.0,11.0,7.0,0.0,38,R2 Front,-6,True,80.0,6,77,83,-6,-1,-1,True,False,2.2,,300,,96.15384615384616,True,0
Ieuan Jones,T300,300,True,Wales,+20,False,-236,Ocean,75,5,Lake,Back,85,15,160,Ocean→Lake,5,4,4,4,5,4,4,4,4,3,7,4,4,5,4,4,2,4,38,37,5,4,4,5,4,5,4,3,5,6,6,5,5,4,3,6,6,5,39,46,0.0,2.0,11.0,3.0,2.0,0.0,0.0,6.0,9.0,3.0,37,R1 Back,10,False,80.0,10,85,75,10,1,-7,False,False,-2.0,,300,,96.15384615384616,True,0
Carson Skarperud,T300,300,True,United States of America,+20,False,-236,Ocean,81,11,Lake,Back,80,10,161,Ocean→Lake,5,3,4,5,4,9,6,3,5,3,5,3,5,4,4,4,3,6,44,37,5,4,4,5,5,4,4,4,4,5,5,5,3,7,3,5,4,4,39,41,0.0,2.0,9.0,4.0,3.0,0.0,1.0,8.0,8.0,1.0,37,R1 Back,-1,True,80.5,1,80,81,-1,7,-2,False,False,0.2,,300,,96.15384615384616,True,0
Luke Metzger,305,305,False,United States of America,+21,False,-241,Lake,84,14,Ocean,Front,77,7,161,Lake→Ocean,5,8,3,4,4,6,3,4,3,5,6,5,3,4,3,5,6,7,40,44,4,3,6,5,4,4,5,4,5,3,4,4,5,5,4,4,3,5,40,37,0.0,2.0,7.0,5.0,4.0,0.0,1.0,10.0,6.0,1.0,37,R2 Back,-7,True,80.5,7,84,77,7,-4,3,True,True,3.4,,305,,97.75641025641025,True,0
Jake Ackerman,306,306,False,United States of America,+22,False,-242,Ocean,81,11,Lake,Back,81,11,162,Ocean→Lake,4,4,5,6,4,5,5,6,4,2,6,4,4,5,4,5,3,5,43,38,4,5,4,4,6,4,4,5,5,4,4,5,4,3,3,7,5,5,41,40,0.0,1.0,6.0,10.0,1.0,0.0,1.0,8.0,6.0,3.0,38,R1 Back,0,False,81.0,0,81,81,0,5,1,False,True,1.0,,306,,98.07692307692307,True,0
Jake Bauer,307,307,False,United States of America,+23,False,-243,Lake,78,8,Ocean,Front,85,15,163,Lake→Ocean,4,5,4,4,3,5,5,6,4,4,5,5,3,4,3,5,4,5,40,38,5,6,4,5,4,4,4,6,6,4,4,5,6,4,3,4,4,7,44,41,0.0,2.0,8.0,7.0,1.0,0.0,2.0,6.0,5.0,5.0,38,R1 Back,7,False,81.5,7,78,85,-7,2,3,False,True,-0.3999999999999999,,307,,98.3974358974359,True,0
Brian Blalock,T308,308,True,United States of America,+24,False,-244,Ocean,81,11,Lake,Front,83,13,164,Ocean→Lake,6,4,6,3,3,4,5,5,4,3,6,4,5,5,5,4,4,5,40,41,6,6,4,4,4,7,4,5,4,4,4,3,3,8,3,6,4,4,44,39,1.0,0.0,6.0,9.0,2.0,0.0,2.0,9.0,2.0,5.0,39,R2 Back,2,False,82.0,2,83,81,2,-1,5,True,True,1.6,,308,,98.71794871794873,True,0
Jacob Kutner,T308,308,True,United States of America,+24,False,-244,Lake,80,10,Ocean,Back,84,14,164,Lake→Ocean,5,5,4,5,4,5,5,3,4,4,7,4,4,4,3,5,5,4,40,40,4,3,5,5,3,4,4,4,4,7,7,4,5,7,5,5,4,4,36,48,0.0,0.0,10.0,7.0,1.0,0.0,0.0,10.0,5.0,3.0,36,R2 Front,4,False,82.0,4,80,84,-4,0,-12,False,False,-0.8,,308,,98.71794871794873,True,0
Alex Zurat,310,310,False,United States of America,+25,False,-246,Lake,81,11,Ocean,Back,84,14,165,Lake→Ocean,5,6,4,4,5,4,4,4,4,5,5,4,3,4,2,7,6,5,40,41,6,4,5,4,4,6,4,6,5,3,5,5,4,5,5,5,3,5,44,40,0.0,1.0,7.0,8.0,2.0,0.0,1.0,5.0,9.0,3.0,40,R1 Front,3,False,82.5,3,81,84,-3,-1,4,True,True,1.4,,310,,99.35897435897436,True,0
Luke Dugger,311,311,False,United States of America,+26,False,-247,Ocean,82,12,Lake,Front,84,14,166,Ocean→Lake,7,4,5,5,3,4,4,7,4,3,5,5,4,5,5,4,4,4,43,39,5,5,3,5,8,4,5,3,4,7,4,4,4,4,3,6,5,5,42,42,0.0,0.0,10.0,6.0,2.0,0.0,0.0,9.0,7.0,2.0,39,R1 Back,2,False,83.0,2,84,82,2,4,0,False,False,-0.4,,311,,99.67948717948718,True,0
Chandler Mulkey,312,312,False,United States of America,+31,False,-248,Lake,87,17,Ocean,Back,84,14,171,Lake→Ocean,6,5,5,5,5,5,4,5,4,5,4,4,4,5,4,6,6,5,44,43,5,3,5,5,4,5,3,4,4,4,8,4,5,5,5,5,5,5,38,46,0.0,0.0,4.0,11.0,3.0,0.0,1.0,5.0,10.0,2.0,38,R2 Front,-3,True,85.5,3,87,84,3,1,-8,False,False,0.6,,312,,100.0,True,0
